Latitude,Longitude
38.25,-119.25
-27.25,28.75000000000003
5.75,16.74999999999997
20.000000000000014,-101.25
52.75,33.75
52.75,32.75
61.75,116.75
-12.25,-58.499999999999986
19.750000000000014,-105.0
8.500000000000014,19.75
66.0,54.25
-32.50000000000001,147.5
-7.25,106.5
49.25,110.75
51.0,1.5
51.0,68.0
43.5,75.5
27.0,-104.0
34.0,3.0
44.25,-76.25000000000001
18.750000000000014,4.999999999999972
54.0,94.5
44.25,40.25000000000003
39.0,33.75
32.25,63.25000000000003
-1.5,16.74999999999997
50.0,89.75
28.0,78.75
20.75,39.75000000000003
63.0,126.75
19.250000000000014,46.0
51.75,16.24999999999997
61.0,76.75
-26.750000000000007,31.25
-31.500000000000007,-68.5
-4.25,-69.0
43.5,91.75
57.5,73.25000000000003
11.0,6.750000000000028
33.5,117.75
55.25,-8.25
29.5,88.5
64.25,67.0
-18.75,16.74999999999997
46.25,-121.25
13.499999999999986,-6.75
43.0,73.50000000000003
27.5,61.74999999999997
25.249999999999986,74.75
51.0,132.75
-32.50000000000001,18.25000000000003
-0.25,-73.25
-24.5,-56.0
-16.5,-46.25
20.250000000000014,76.5
-21.0,29.50000000000003
58.5,112.0
50.25,105.0
63.0,43.0
42.0,71.5
37.249999999999986,-80.5
45.5,-100.25
-6.75,119.0
39.75,58.25
45.0,43.0
25.499999999999986,-79.25
53.75,8.5
-3.500000000000014,-57.5
60.0,109.75
-38.5,143.25
0.25,22.25
50.0,47.5
69.5,68.5
-5.0,143.0
8.500000000000014,-77.25
6.0,-68.25
0.5,115.75
60.0,64.75
39.5,-98.0
56.0,118.5
-11.75,-58.25
17.75,50.24999999999997
41.5,-9.0
61.0,8.75
43.0,26.25
42.0,65.5
6.0,5.249999999999972
16.25,20.25
-15.5,-72.75
31.000000000000014,-87.25000000000001
55.5,26.99999999999997
8.000000000000014,44.25
1.75,-73.25
23.75,10.0
0.5,73.25000000000003
29.5,23.75
27.25,41.0
34.5,126.25
65.25,26.25
56.5,25.0
64.5,28.50000000000003
16.25,-97.5
42.75,17.75000000000003
28.5,110.0
-18.5,-50.25
47.0,90.75
35.75,75.75
2.499999999999986,-75.0
48.25,97.75
59.75,128.25
44.5,112.5
52.5,102.75
-22.5,-44.75
-4.25,-80.99999999999999
16.75,76.75
-13.0,17.50000000000003
-3.500000000000014,135.25
50.75,36.25
-16.25,-69.0
25.999999999999986,114.5
-4.0,34.25
-16.75,-67.75
42.5,43.5
56.5,124.0
48.25,57.5
34.5,103.0
-5.5,-46.0
-11.25,25.25
69.0,32.75
28.25,66.75
35.25,105.75
48.5,-70.50000000000001
55.5,38.49999999999997
41.0,-87.25000000000001
-25.249999999999986,19.25
42.0,-112.0
27.5,-8.25
9.000000000000014,6.500000000000028
39.25,63.00000000000003
-33.0,149.5
-30.499999999999993,-52.5
46.75,15.999999999999972
29.25,35.5
43.75,100.0
44.75,46.75
64.0,77.5
19.000000000000014,22.5
28.75,-99.75
62.25,5.750000000000028
45.25,125.25
-18.5,33.75
47.5,26.74999999999997
53.5,24.25
29.750000000000014,-110.5
-38.00000000000001,-62.0
47.5,142.25
12.5,37.5
1.75,33.75
47.75,127.25
6.25,37.75
39.0,111.5
16.75,7.000000000000028
16.75,82.0
26.249999999999986,88.5
58.25,78.75
-7.749999999999986,-52.5
42.25,-2.25
50.75,34.25
63.5,52.25
21.0,100.0
11.75,1.0
66.75,80.5
28.0,-113.5
48.25,-3.5
15.5,34.75
51.5,15.999999999999972
10.25,-9.75
37.499999999999986,70.75
-23.75,47.5
54.0,11.5
40.75,-96.0
56.0,-3.0
-21.5,30.25
-13.999999999999986,-62.0
46.5,101.75
13.749999999999986,-86.0
-5.25,138.25
24.5,106.25
26.75,78.5
47.5,131.0
58.0,99.25
-16.75,33.0
-17.25,29.00000000000003
16.75,42.75
41.0,47.75
40.25,23.25
6.5,29.75
-16.75,28.50000000000003
-15.25,145.25
-0.75,101.5
15.75,3.0
58.75,7.000000000000028
52.5,120.25
-17.0,19.5
19.250000000000014,-16.25
68.25,14.5
57.25,129.0
13.499999999999986,34.5
69.75,100.5
52.5,81.0
24.999999999999986,39.50000000000003
10.25,30.5
14.749999999999986,24.25
48.5,80.75
8.000000000000014,-1.5
47.75,105.5
42.0,74.50000000000003
3.999999999999986,101.25
14.999999999999986,23.5
-9.5,27.49999999999997
13.999999999999986,-91.0
23.25,120.75
57.75,-2.25
39.0,108.75
46.0,54.5
47.25,41.0
-33.5,-60.5
36.999999999999986,43.5
-16.0,33.75
17.0,97.25
-2.749999999999986,-76.75
28.75,-103.0
22.25,52.25
29.750000000000014,114.75
50.25,72.24999999999997
6.75,-77.25
45.0,34.75
65.5,68.0
15.5,49.24999999999997
51.5,135.25
-24.749999999999986,-62.0
-28.25,-62.0
-19.750000000000014,21.25
38.75,61.74999999999997
67.0,162.75
-22.25,-46.75
34.25,-94.5
-31.750000000000007,-63.25
-30.749999999999993,118.0
-10.0,37.5
44.0,-103.5
37.499999999999986,-89.0
-9.75,32.25
42.5,-89.5
52.0,140.75
24.25,53.25
-23.75,-46.0
9.75,10.5
23.0,86.5
57.5,52.25
18.500000000000014,25.0
-40.74999999999999,172.5
54.0,124.75
27.75,119.25
-13.999999999999986,-60.75
4.75,41.75
9.75,77.25
9.000000000000014,-63.5
39.5,26.5
44.25,114.75
-4.25,30.5
-4.5,-79.25
-12.25,31.5
-19.499999999999986,-44.5
28.25,91.75
29.0,82.25
-3.000000000000014,28.25000000000003
14.999999999999986,37.25
9.25,125.0
-2.749999999999986,18.00000000000003
-15.75,21.0
41.0,-8.0
38.25,13.25
57.75,27.99999999999997
22.0,-102.5
64.0,35.25
31.500000000000014,10.25
25.499999999999986,-99.25
44.75,142.75
21.0,97.5
64.75,85.0
64.0,129.25
-6.0,31.0
39.5,59.5
55.0,99.5
27.25,11.25
0.5,-65.25000000000001
49.0,83.0
17.75,29.25000000000003
58.75,65.25
62.25,14.5
26.499999999999986,7.75
25.749999999999986,42.25
16.25,15.0
6.5,35.5
-34.25,-58.0
27.75,22.5
42.25,128.5
-2.749999999999986,-57.75
45.75,130.5
33.5,58.5
59.5,63.00000000000003
65.25,21.0
-30.499999999999993,28.25000000000003
-7.749999999999986,24.25
9.75,8.25
35.75,-79.25
51.75,137.75
52.75,51.25000000000003
47.0,141.75
24.999999999999986,72.24999999999997
7.750000000000014,5.750000000000028
13.749999999999986,-10.5
45.0,-67.0
-28.5,-63.5
5.0,-7.0
24.5,70.75
18.750000000000014,-0.5
35.0,44.0
47.0,23.0
39.75,16.74999999999997
2.249999999999986,16.49999999999997
67.0,22.0
56.0,159.75
63.0,78.5
63.5,50.24999999999997
-10.5,-55.75
9.000000000000014,33.25
31.000000000000014,73.50000000000003
57.5,81.75
29.750000000000014,76.75
31.000000000000014,43.75
51.75,133.5
34.0,119.25
36.499999999999986,-118.0
18.500000000000014,79.75
16.5,20.25
63.0,46.25
38.25,-108.0
17.5,55.25
28.75,6.750000000000028
-10.5,40.00000000000003
13.999999999999986,20.0
52.25,14.0
60.25,5.499999999999972
15.75,19.25
65.25,83.75
21.5,103.0
-24.5,150.75
22.5,104.0
37.249999999999986,-103.5
15.75,78.25
32.0,-7.0
25.249999999999986,-0.25
-24.999999999999986,-65.25000000000001
37.499999999999986,40.50000000000003
-30.249999999999993,-70.24999999999999
-18.0,34.75
50.25,96.0
60.5,55.5
57.25,91.75
66.5,163.25
57.75,47.5
11.25,76.25
60.25,34.5
42.5,98.0
-9.000000000000014,-60.75
65.5,-127.0
-5.0,-36.75
45.0,86.0
55.75,89.25
9.75,40.25000000000003
17.25,122.0
-13.999999999999986,-55.5
5.5,117.0
-3.500000000000014,120.75
45.0,102.75
51.25,-111.25
3.249999999999986,-55.0
-4.0,-42.0
-41.24999999999999,-74.0
35.5,10.5
38.5,-83.5
-0.25,111.5
40.75,-107.75
-22.75,-55.0
-11.0,-65.5
34.25,35.5
3.249999999999986,17.25000000000003
2.749999999999986,24.5
57.0,71.99999999999997
-17.75,-141.0
28.75,105.5
-6.5,34.25
42.25,-96.5
-16.5,33.5
37.249999999999986,27.49999999999997
68.0,71.74999999999997
-18.0,36.0
58.0,13.75
42.5,116.75
-27.25,-68.0
-27.25,24.25
22.5,-100.25
16.75,-12.75
32.75,35.5
44.25,88.25
41.75,67.5
12.5,102.25
2.999999999999986,-54.000000000000014
-2.249999999999986,22.0
-2.0,28.25000000000003
58.0,-4.25
29.5,56.5
61.75,70.0
24.999999999999986,85.0
33.25,7.5
-15.5,-52.0
40.25,115.25
55.75,43.0
53.75,95.5
1.75,29.00000000000003
18.25,50.24999999999997
57.25,106.5
58.75,5.750000000000028
9.25,19.75
60.0,-1.25
-6.0,-47.25
8.750000000000014,43.75
59.25,99.25
58.75,43.25
-38.5,-70.24999999999999
38.5,117.25
38.75,89.5
-4.75,17.25000000000003
-26.500000000000007,-61.75
-38.00000000000001,178.25
2.999999999999986,98.75
38.25,46.75
59.0,95.0
-0.5,-49.5
24.0,-98.0
34.75,119.0
-18.25,13.25
56.25,42.5
29.750000000000014,119.5
67.75,24.25
31.250000000000014,-84.5
61.75,10.75
55.75,129.5
55.75,62.25000000000003
14.999999999999986,5.750000000000028
3.999999999999986,33.75
21.75,110.75
-30.499999999999993,-65.75
38.25,-95.25
44.75,88.5
-12.5,28.50000000000003
48.5,50.75000000000003
-30.749999999999993,-56.5
67.5,-135.0
-32.50000000000001,138.0
63.25,55.5
-16.0,-55.0
26.75,-108.0
-43.50000000000001,-72.0
60.0,53.25
24.5,38.74999999999997
-32.50000000000001,-64.75000000000001
27.25,59.25
17.0,-11.5
9.75,-1.25
32.25,-86.74999999999999
17.25,17.50000000000003
21.5,24.5
-17.5,-61.75
63.0,52.75
45.0,44.25
-27.25,-53.500000000000014
-15.75,32.0
32.25,46.0
18.0,18.25000000000003
45.25,59.0
50.75,104.75
31.75,89.5
40.0,58.0
21.5,-89.0
59.5,32.0
-33.75,121.5
-38.25000000000001,-63.0
9.5,1.75
26.249999999999986,102.0
43.0,-109.75
-5.0,-80.25
11.0,27.49999999999997
52.25,-1.5
-18.999999999999986,26.5
-6.0,28.50000000000003
-27.000000000000007,29.50000000000003
6.5,18.5
18.750000000000014,102.75
35.0,-106.25
-23.0,34.0
-12.25,-65.25000000000001
63.0,42.75
65.25,77.5
38.25,60.0
-4.5,-49.0
-38.75,-63.0
53.25,106.5
20.5,-7.25
38.0,120.5
-32.50000000000001,147.75
-8.500000000000014,37.25
-7.999999999999986,114.25
31.250000000000014,-83.25
35.25,-110.0
45.5,58.75
61.75,14.25
-12.0,-53.500000000000014
-4.75,21.5
-54.50000000000001,-68.75
-48.25000000000001,-68.5
24.5,116.0
0.75,39.24999999999997
-25.750000000000014,18.25000000000003
-9.5,148.5
47.0,7.000000000000028
32.5,-115.0
54.75,64.5
-28.25,-57.0
19.250000000000014,-98.75
48.25,88.5
12.5,19.25
18.25,45.75
39.5,-117.25
56.0,10.5
12.5,14.0
27.5,71.74999999999997
0.25,25.5
27.5,65.75
-10.0,-47.5
24.749999999999986,76.5
23.75,-99.75
-13.749999999999986,32.5
36.249999999999986,50.49999999999997
54.25,-4.5
65.0,136.0
2.749999999999986,98.75
18.0,25.75
9.000000000000014,77.0
49.25,138.75
54.25,104.0
67.0,28.75000000000003
40.25,97.5
21.0,42.5
36.999999999999986,-6.5
33.5,-99.0
-18.0,-69.99999999999999
40.25,-96.25
28.0,68.5
-1.25,38.49999999999997
36.749999999999986,40.75000000000003
17.75,-8.5
-11.5,29.25000000000003
-27.000000000000007,-51.5
53.5,120.75
-22.0,-62.75
29.750000000000014,98.0
46.5,118.5
32.0,45.75
-35.74999999999999,-62.0
29.750000000000014,119.0
41.75,71.25
16.75,76.5
47.5,51.25000000000003
59.75,49.74999999999997
54.75,52.75
54.75,17.25000000000003
53.0,11.5
54.0,66.5
16.0,78.75
51.0,3.75
40.5,22.25
-16.75,15.0
31.000000000000014,64.5
13.0,24.5
51.75,91.75
50.5,116.5
63.5,56.25
52.0,111.5
45.25,122.75
51.5,130.25
58.25,-123.0
55.5,70.75
32.0,115.25
49.5,26.74999999999997
39.25,103.0
28.75,20.0
10.5,170.75
63.75,109.75
-3.250000000000014,-78.5
17.25,31.75
59.0,5.249999999999972
-13.25,40.25000000000003
-21.0,-159.75
61.25,8.0
45.25,34.25
-4.0,-75.0
3.749999999999986,101.75
51.0,117.0
49.25,-101.0
38.75,75.25
30.250000000000014,58.75
18.25,52.00000000000003
38.75,-78.25
31.75,40.50000000000003
3.749999999999986,18.75
64.0,68.5
46.75,44.5
8.000000000000014,48.5
-16.5,20.25
28.25,105.75
26.499999999999986,58.0
56.75,127.25
32.75,-94.75
26.499999999999986,79.25
47.25,-100.25
45.75,53.0
38.25,108.0
66.0,15.25
42.25,78.75
49.25,71.5
41.75,-5.75
55.5,34.0
-15.75,47.5
20.75,107.25
11.5,-84.5
-2.0,-46.0
29.25,87.5
58.5,31.75
25.999999999999986,2.0
21.25,16.74999999999997
3.999999999999986,8.5
34.0,-79.25
54.75,-124.75
44.75,-67.75
39.25,35.75
15.5,107.0
23.0,120.0
39.75,27.24999999999997
-38.25000000000001,176.25
19.500000000000014,99.25
47.75,104.75
57.0,10.25
53.0,51.75000000000003
47.25,131.75
52.5,75.75
50.75,36.25
44.75,62.50000000000003
51.75,142.5
-16.75,14.0
59.25,40.25000000000003
27.25,118.5
35.75,76.25
-36.75000000000001,-69.0
56.25,77.75
36.749999999999986,105.75
-32.50000000000001,-57.75
-12.0,31.5
-5.25,119.0
46.5,100.25
51.75,31.5
12.75,-69.99999999999999
-22.5,-58.25
24.25,51.75000000000003
22.75,31.5
45.0,-63.999999999999986
0.75,117.25
50.75,56.25
42.0,-84.75
34.5,-6.25
28.5,69.75
47.25,-103.25
56.0,70.75
19.000000000000014,94.75
44.5,52.75
21.75,-6.75
53.0,120.75
30.500000000000014,64.25
26.499999999999986,78.0
62.25,24.0
41.25,114.0
54.25,21.75
61.0,-149.0
-40.74999999999999,-64.24999999999999
42.25,101.0
-4.25,139.75
46.5,-113.5
11.25,-14.0
2.0,45.0
20.5,84.5
31.250000000000014,117.75
35.5,-93.5
40.25,-5.75
-22.5,-52.0
-7.0,112.5
-31.250000000000007,-55.75
55.25,104.0
6.0,124.75
-24.25,-56.75
51.0,-120.75
60.75,35.5
4.75,115.5
22.5,53.25
-8.500000000000014,25.0
54.0,106.25
-2.749999999999986,-54.5
49.75,0.5
52.25,44.25
52.25,70.0
-5.0,15.0
13.25,13.75
27.25,58.0
39.5,-82.75
-13.999999999999986,-68.0
36.999999999999986,6.750000000000028
-5.25,24.0
33.5,65.5
38.25,86.25
31.75,46.5
43.75,126.0
3.749999999999986,24.5
28.75,-97.5
48.0,65.25
-17.25,-60.25
37.749999999999986,102.5
25.499999999999986,47.0
-18.25,18.5
17.5,-91.75
55.75,36.0
-24.5,24.0
17.25,23.75
41.25,22.75
54.0,85.0
-2.499999999999986,100.0
18.0,15.749999999999972
26.499999999999986,114.75
-16.25,38.24999999999997
-2.0,-78.0
53.0,-0.75
43.0,74.00000000000003
47.0,56.5
4.25,20.5
64.25,26.5
23.0,79.25
1.5,-74.0
-13.749999999999986,37.5
40.75,22.25
-5.75,146.5
56.25,14.0
-9.25,-70.75000000000001
55.0,160.5
36.749999999999986,71.99999999999997
-3.000000000000014,-68.0
53.25,82.75
48.25,119.5
7.0,100.5
7.250000000000014,81.0
16.0,104.75
10.0,20.5
25.499999999999986,-14.25
46.75,16.74999999999997
40.5,23.5
51.0,-99.25
-18.5,48.75
21.75,111.75
36.499999999999986,79.5
31.75,6.000000000000028
-26.500000000000007,-60.25
53.0,72.49999999999997
21.25,-88.0
28.5,-98.5
18.750000000000014,-64.49999999999999
66.5,118.0
-13.25,-75.74999999999999
-23.0,-53.500000000000014
23.5,91.0
9.75,36.75
-21.25,-61.75
8.500000000000014,-61.25
53.0,38.24999999999997
22.25,4.749999999999972
19.250000000000014,2.75
34.75,115.25
5.25,25.5
-23.5,-67.5
-21.75,-49.0
32.5,-96.5
56.0,-119.0
-37.75000000000001,-72.0
-8.249999999999986,-75.74999999999999
55.0,-129.0
-20.75,167.25
-12.75,17.75000000000003
27.5,-6.25
20.75,-100.0
36.499999999999986,-90.75
62.0,49.49999999999997
41.25,35.0
-3.500000000000014,19.5
69.75,23.25
41.25,-121.0
36.749999999999986,119.0
25.999999999999986,16.24999999999997
-20.75,-51.75
40.5,54.0
40.5,79.75
5.0,-68.5
32.5,47.75
48.5,96.5
32.5,57.25
53.75,-0.25
51.5,102.0
29.25,84.5
35.0,-5.25
-19.750000000000014,20.25
39.25,-75.74999999999999
22.0,104.75
16.75,5.249999999999972
67.5,138.75
13.499999999999986,36.0
51.25,5.750000000000028
-29.999999999999993,149.0
53.25,30.0
35.5,140.0
58.75,65.25
-48.75000000000001,-72.25
29.0,111.0
20.5,73.75000000000003
60.75,59.75
3.499999999999986,101.0
49.25,4.499999999999972
-17.0,-52.5
49.5,-112.5
50.5,45.75
64.0,63.00000000000003
31.000000000000014,-93.5
23.5,78.75
61.0,151.25
-0.25,13.25
32.5,94.25
27.25,113.5
33.25,-95.0
36.499999999999986,75.75
24.0,74.00000000000003
52.75,-1.5
51.0,5.750000000000028
-11.5,-46.5
-26.250000000000007,-69.99999999999999
38.5,60.25
45.75,126.75
15.5,-14.5
35.75,-88.5
65.25,25.0
52.75,39.24999999999997
7.500000000000014,-75.49999999999999
13.999999999999986,29.75
65.0,12.5
48.5,-84.25
48.0,15.999999999999972
12.5,27.49999999999997
66.25,119.25
57.0,120.75
-3.250000000000014,-55.0
51.25,27.24999999999997
14.749999999999986,100.5
47.5,-113.75
57.25,34.75
47.25,6.750000000000028
7.0,101.25
-10.5,-43.5
-7.0,29.25000000000003
36.749999999999986,67.5
13.0,76.25
49.5,-121.5
44.25,85.75
-16.75,-54.75
67.5,80.75
58.75,72.49999999999997
49.5,94.75
65.25,88.25
51.0,-107.25
21.75,97.0
34.75,-112.25
-16.25,-64.24999999999999
-5.25,148.75
40.75,-0.75
46.25,-85.25
38.0,58.0
21.0,58.25
45.75,-64.75000000000001
17.5,-95.5
35.75,34.25
24.749999999999986,82.5
33.75,71.25
44.0,-103.0
-26.750000000000007,-54.75
1.5,99.75
54.0,126.0
-12.5,23.0
30.000000000000014,36.5
-16.5,-59.500000000000014
-3.250000000000014,-58.0
34.5,-86.0
65.75,61.24999999999997
45.75,20.25
25.749999999999986,89.25
16.75,79.75
46.5,99.5
54.0,88.5
-7.749999999999986,-79.5
-37.50000000000001,-61.75
27.0,37.0
51.75,64.75
45.5,5.249999999999972
66.25,12.5
-19.750000000000014,-58.749999999999986
55.75,71.74999999999997
22.25,23.5
45.5,89.25
24.5,53.0
14.749999999999986,1.75
-7.0,-38.25
49.5,30.5
68.0,80.75
54.0,-124.5
-17.25,11.75
-13.499999999999986,-68.0
20.250000000000014,41.75
20.000000000000014,78.5
13.25,7.000000000000028
51.5,58.0
-19.750000000000014,-52.5
35.0,-81.49999999999999
37.749999999999986,61.49999999999997
27.5,-0.75
62.75,15.999999999999972
52.0,-5.5
5.0,8.25
59.0,53.75
19.750000000000014,84.75
47.25,100.25
37.249999999999986,31.5
44.5,55.25
39.75,-8.75
7.250000000000014,7.75
44.0,99.5
23.25,11.0
30.750000000000014,-6.75
13.499999999999986,41.5
-24.0,-69.99999999999999
5.75,41.0
49.0,44.0
64.5,15.749999999999972
46.25,111.0
20.5,47.25
62.25,-49.75
29.25,-82.5
20.250000000000014,9.0
41.25,-79.75
0.5,41.75
56.75,95.25
59.75,13.0
6.25,36.5
29.5,101.75
10.5,-63.25
33.75,-79.5
47.0,-110.0
-5.5,132.75
-3.250000000000014,-78.25
10.0,77.0
45.5,-61.0
21.0,55.5
39.5,106.5
58.0,32.0
-20.250000000000014,-42.0
54.25,159.25
-27.25,-60.75
33.0,76.0
50.75,-121.75
25.749999999999986,100.5
-13.25,13.5
5.75,26.25
-4.0,-55.0
13.999999999999986,23.75
10.25,46.5
-9.5,26.25
47.0,108.5
29.750000000000014,-115.5
48.75,135.75
-39.0,-64.75000000000001
-25.500000000000014,29.75
63.75,117.25
8.750000000000014,15.749999999999972
-21.75,-62.5
51.25,114.25
23.25,103.0
-20.000000000000014,-65.75
64.25,46.0
9.5,-78.75
44.0,114.5
-21.5,15.749999999999972
-33.0,-65.25000000000001
-25.750000000000014,-69.5
31.000000000000014,75.0
-11.5,15.749999999999972
-9.000000000000014,-77.5
42.5,107.75
-6.75,143.5
64.0,82.75
20.250000000000014,-98.25
48.0,-104.25
55.5,68.0
59.75,125.75
9.75,21.5
41.0,89.5
6.5,-69.0
61.0,112.5
42.75,74.75
25.999999999999986,131.25
-2.249999999999986,-72.25
42.5,80.25
17.5,74.00000000000003
-15.25,-51.25
18.500000000000014,80.25
48.0,99.75
65.5,71.5
-12.75,26.25
66.0,87.25
-13.499999999999986,19.25
26.75,44.5
-24.25,46.75
-3.000000000000014,111.75
-50.5,-74.25
40.25,106.75
1.0,43.5
36.249999999999986,-111.5
30.500000000000014,3.75
17.25,15.25
-13.499999999999986,-172.5
-37.25000000000001,148.0
0.75,9.25
35.25,126.75
34.75,-117.75
5.0,-65.00000000000001
47.5,-56.25
56.25,-3.75
40.0,127.75
44.5,-84.0
44.0,60.0
48.0,131.25
63.25,8.0
66.5,77.5
-39.0,-62.5
34.25,-118.75
37.749999999999986,121.25
11.5,0.75
48.75,5.499999999999972
-27.000000000000007,152.25
-1.5,135.75
58.25,39.75000000000003
35.25,112.75
-14.250000000000014,-56.75
-25.750000000000014,-48.75
31.500000000000014,94.5
18.750000000000014,102.75
52.0,28.50000000000003
-41.74999999999999,-73.25
48.0,41.0
-25.249999999999986,-53.750000000000014
14.999999999999986,24.0
19.250000000000014,55.75
28.0,1.0
48.0,-1.0
51.5,108.0
48.75,103.0
50.75,30.75
-0.75,30.25
40.25,65.0
61.75,82.0
-32.25000000000001,151.25
-15.0,-72.0
-22.0,166.75
-46.0,-75.0
51.5,-56.75
36.749999999999986,27.24999999999997
2.249999999999986,33.0
9.75,10.25
53.0,97.0
-5.25,-63.0
48.5,88.0
48.5,60.74999999999997
25.999999999999986,-5.25
20.75,74.75
22.0,83.0
58.0,27.99999999999997
-13.999999999999986,-56.0
46.0,71.99999999999997
54.75,79.5
-15.5,47.5
-28.5,152.75
-11.5,19.25
-4.25,37.0
14.499999999999986,120.75
24.749999999999986,-0.25
58.5,34.5
35.75,-100.25
38.5,29.50000000000003
46.25,-67.75
6.75,10.75
29.5,118.0
59.25,79.25
48.75,89.0
11.25,108.0
59.75,60.99999999999997
-9.75,35.5
29.5,87.25
30.500000000000014,40.00000000000003
20.75,39.50000000000003
-6.25,38.74999999999997
40.5,141.75
11.75,20.0
23.5,116.25
45.75,-121.75
-14.250000000000014,-169.75
-3.000000000000014,-60.25
13.999999999999986,9.75
-9.75,-40.0
-12.25,44.25
8.500000000000014,32.25
-7.999999999999986,-71.5
9.5,-74.75
11.5,21.5
18.25,83.0
2.999999999999986,22.5
52.5,-106.75
-14.500000000000014,-52.5
-13.0,33.5
64.75,25.5
-6.5,-40.0
54.75,52.5
41.25,31.75
4.25,-61.25
52.5,79.0
-5.5,-48.0
-7.25,26.5
28.5,63.75
69.25,74.00000000000003
44.5,-93.25
18.25,-16.0
-36.24999999999999,-64.75000000000001
16.75,-13.75
46.25,-65.5
16.5,-95.0
25.749999999999986,-0.25
-0.75,100.25
56.75,114.25
1.75,-50.25
25.749999999999986,73.75000000000003
-30.749999999999993,-66.75
40.75,8.75
16.75,20.25
-23.0,-57.5
57.0,46.0
-24.0,-52.999999999999986
10.75,106.75
60.75,117.0
43.75,105.75
8.500000000000014,24.25
60.75,71.25
21.75,48.75
40.5,32.75
18.0,55.0
63.0,67.5
-13.0,20.75
-33.5,134.75
-32.25000000000001,27.99999999999997
3.499999999999986,37.75
54.75,103.5
2.249999999999986,34.0
65.5,79.5
65.75,34.0
42.0,-88.25
30.000000000000014,90.0
0.5,20.5
11.25,120.75
33.0,71.5
45.5,68.5
-49.00000000000001,-67.75
34.5,49.99999999999997
32.5,-3.25
52.25,43.0
-2.749999999999986,-76.75
10.0,9.25
48.75,117.0
59.0,36.25
11.5,36.5
14.499999999999986,35.25
45.5,52.00000000000003
-27.25,151.25
53.25,157.75
34.0,43.25
-25.500000000000014,-57.0
35.0,49.24999999999997
16.25,98.25
36.749999999999986,94.0
45.5,99.75
-37.25000000000001,142.0
35.75,9.5
-16.25,145.0
48.0,-111.75
49.0,-122.75
64.5,12.75
14.749999999999986,12.0
38.75,-94.75
-12.0,-71.25
31.000000000000014,32.5
-32.00000000000001,150.75
50.75,-99.25
-12.5,29.50000000000003
-0.25,122.5
0.5,42.25
-9.000000000000014,-67.25
1.75,-50.75
17.5,99.0
54.5,24.5
64.5,80.25
-21.0,-175.5
18.25,-89.75
-2.749999999999986,114.75
30.500000000000014,80.25
55.75,53.25
55.0,20.75
11.0,119.0
34.25,105.0
50.0,128.75
29.750000000000014,75.75
61.0,41.25
21.75,40.50000000000003
45.75,38.24999999999997
-3.000000000000014,-54.5
43.0,-8.0
32.25,13.0
67.75,53.0
60.25,115.25
36.999999999999986,8.75
30.500000000000014,6.500000000000028
20.000000000000014,43.0
44.25,7.25
10.0,125.75
-11.25,-53.249999999999986
-0.75,100.5
63.75,135.25
30.500000000000014,36.5
56.75,25.0
47.5,142.0
-38.5,-69.25
53.75,74.50000000000003
29.25,106.5
18.25,46.75
9.000000000000014,-64.24999999999999
24.0,74.25000000000003
68.25,67.75
42.0,140.5
27.75,93.25
58.5,72.74999999999997
40.25,99.25
64.25,-16.25
59.5,68.5
36.749999999999986,56.75
54.5,86.25
23.25,86.0
10.5,28.25000000000003
-3.250000000000014,25.25
50.0,110.75
52.0,47.25
56.75,-6.0
16.25,-96.75
8.750000000000014,81.0
64.5,35.5
-23.75,17.50000000000003
62.25,30.25
25.749999999999986,75.0
8.500000000000014,151.5
-13.0,-55.75
7.750000000000014,-61.0
-3.500000000000014,-79.75
41.0,69.5
-5.0,25.75
59.25,35.25
-16.5,-46.75
25.249999999999986,112.0
-5.25,141.5
32.5,52.00000000000003
15.75,106.75
27.0,70.0
5.75,-5.0
59.25,130.75
61.5,87.25
47.0,-53.750000000000014
52.5,27.99999999999997
-13.0,31.0
48.75,45.75
-34.25,-57.5
41.25,126.25
51.0,13.75
-2.0,31.5
13.999999999999986,20.5
29.25,77.25
24.5,113.25
7.250000000000014,14.25
48.25,80.5
-47.74999999999999,-69.25
-34.0,-64.49999999999999
14.999999999999986,78.0
50.0,84.25
11.5,25.25
60.25,79.5
64.75,113.25
46.5,89.25
31.75,44.25
-12.5,14.75
6.25,-10.0
4.5,43.25
34.5,-3.75
40.5,35.0
38.75,112.25
-39.0,-65.5
63.5,23.0
-12.25,29.75
22.0,0.75
33.5,43.5
6.5,-0.75
30.000000000000014,-3.0
-13.25,33.5
-17.25,46.5
34.75,-94.5
45.25,29.00000000000003
20.75,35.0
-19.249999999999986,28.50000000000003
49.25,36.25
17.75,32.5
16.75,-95.0
5.5,-74.0
54.5,37.99999999999997
7.750000000000014,125.75
-18.75,-49.75
51.25,75.0
47.75,123.25
-33.0,19.75
51.25,133.0
-10.25,21.5
29.750000000000014,104.75
47.0,2.0
-13.0,-67.0
33.0,46.5
28.0,103.25
39.5,-1.5
20.75,75.25
52.25,38.74999999999997
37.249999999999986,120.25
-32.50000000000001,-60.25
46.5,111.0
14.249999999999986,34.0
42.0,65.75
0.0,-70.50000000000001
54.5,-2.25
-32.50000000000001,117.0
32.5,115.5
47.75,51.25000000000003
60.0,40.50000000000003
51.75,-108.5
27.5,46.5
41.25,141.25
-6.75,142.25
34.25,136.25
47.0,66.25
18.25,-2.0
8.500000000000014,-81.24999999999999
52.0,28.75000000000003
52.0,53.0
64.0,68.0
5.25,23.75
13.499999999999986,75.25
31.000000000000014,94.75
-8.750000000000014,118.5
-3.75,121.75
21.5,80.75
-12.5,14.75
49.5,6.000000000000028
56.25,72.74999999999997
45.75,75.75
61.75,48.75
26.499999999999986,-2.5
-23.75,34.5
63.75,111.75
55.25,-4.5
32.5,47.0
-23.25,27.24999999999997
42.75,123.5
28.5,54.0
63.5,109.5
53.25,16.49999999999997
-38.5,-70.75000000000001
-31.250000000000007,-52.0
69.75,75.0
-27.5,152.25
16.0,-84.5
-12.5,-51.5
32.25,-7.5
27.75,-80.99999999999999
30.000000000000014,98.5
13.0,-4.5
54.0,101.0
64.75,62.75000000000003
43.25,71.5
8.750000000000014,-68.25
49.75,10.0
12.25,2.25
-32.50000000000001,147.75
57.75,24.75
12.5,105.75
33.0,-110.5
-12.5,-41.25
51.5,136.75
10.25,122.75
-7.999999999999986,35.0
-25.750000000000014,-53.500000000000014
11.25,107.5
29.25,32.25
18.25,31.25
-12.5,49.24999999999997
23.0,109.5
64.75,80.25
-22.75,-47.0
10.5,31.0
12.0,50.49999999999997
49.0,76.75
13.999999999999986,27.99999999999997
36.999999999999986,77.5
14.749999999999986,-6.25
56.75,95.0
13.999999999999986,-15.5
-53.75000000000001,-68.75
62.75,73.50000000000003
-34.75,-69.5
35.999999999999986,61.74999999999997
-13.0,-67.0
-1.25,-79.0
23.25,54.75
5.0,25.75
-13.999999999999986,40.50000000000003
36.249999999999986,80.25
41.75,-86.25
13.0,26.0
-4.0,136.25
1.75,125.25
-3.000000000000014,-43.75
33.75,48.25
-5.5,-59.250000000000014
55.5,52.75
25.499999999999986,92.5
69.5,88.0
42.0,25.5
39.0,37.99999999999997
36.749999999999986,22.5
9.75,-13.0
37.249999999999986,-85.5
32.75,46.0
47.75,123.25
38.5,58.0
48.25,29.00000000000003
60.0,27.99999999999997
19.750000000000014,104.5
13.0,98.25
18.0,-15.25
31.75,80.75
38.0,62.00000000000003
-11.75,-45.75
27.5,8.5
30.500000000000014,-97.5
65.25,40.75000000000003
40.75,-88.25
38.0,81.0
36.499999999999986,-98.5
22.0,86.5
26.499999999999986,120.5
19.250000000000014,77.5
1.25,25.5
-4.75,25.5
7.250000000000014,-78.0
-28.5,32.0
66.5,174.0
50.25,95.5
68.75,19.25
15.249999999999986,32.25
-17.0,-53.500000000000014
47.25,19.75
-22.0,-43.75
61.5,82.75
-23.5,-64.49999999999999
40.0,-97.75
57.25,126.0
30.250000000000014,116.0
46.5,46.75
44.75,51.75000000000003
43.25,41.0
-3.500000000000014,29.25000000000003
25.999999999999986,106.75
43.0,56.75
19.000000000000014,74.25000000000003
7.500000000000014,-68.0
45.5,19.0
35.5,68.75
55.25,-118.25
51.25,142.25
11.5,122.75
51.0,-107.0
27.0,1.0
8.500000000000014,126.0
56.75,107.0
23.25,76.5
46.5,37.75
-30.749999999999993,-69.5
30.250000000000014,11.5
-3.75,143.0
24.999999999999986,114.25
63.25,68.0
16.75,45.0
-27.5,-51.25
19.750000000000014,-9.0
-5.5,140.25
-15.0,-54.5
48.25,64.75
49.25,97.75
18.750000000000014,-102.75
35.75,126.0
-8.249999999999986,27.24999999999997
-17.25,12.25
40.0,60.99999999999997
47.75,87.25
-1.0,-75.74999999999999
45.5,128.25
-6.0,31.75
34.75,98.75
13.0,24.25
57.75,95.25
17.75,102.5
32.5,13.0
21.25,1.5
52.0,69.5
5.25,43.5
-11.75,-73.0
49.0,125.75
57.75,103.25
65.5,26.25
15.75,0.5
19.250000000000014,23.75
25.249999999999986,74.25000000000003
48.0,52.5
37.249999999999986,112.75
20.5,17.50000000000003
29.25,11.0
-39.0,176.5
54.25,107.0
9.75,-74.0
36.249999999999986,101.0
34.25,-93.75
7.500000000000014,40.25000000000003
10.25,77.75
-41.74999999999999,-68.5
54.75,32.5
57.0,121.0
6.75,81.25
22.0,-98.0
45.5,96.5
59.25,-161.75
58.75,83.0
-16.5,-151.75
50.5,98.5
42.0,-98.25
48.25,3.25
39.75,-102.0
60.5,58.0
27.5,7.5
60.75,84.75
-3.250000000000014,13.0
48.0,135.5
25.749999999999986,1.25
-14.250000000000014,36.5
14.749999999999986,-86.0
26.499999999999986,93.5
42.0,12.25
41.5,112.75
12.75,18.00000000000003
-45.0,-66.75
13.749999999999986,102.75
24.25,104.5
6.0,72.99999999999997
31.500000000000014,-9.0
61.5,77.5
23.75,77.75
-29.249999999999993,-71.00000000000001
51.5,55.25
10.5,51.00000000000003
49.75,-119.75
26.249999999999986,90.75
57.5,31.25
32.75,119.5
2.499999999999986,18.75
40.5,120.25
13.25,1.75
-2.749999999999986,-46.0
-22.0,18.25000000000003
47.75,-57.75
36.499999999999986,-77.75
53.0,33.0
-43.00000000000001,-73.5
-22.0,-45.25
25.749999999999986,-2.0
-8.500000000000014,33.75
27.5,99.0
17.75,80.0
58.25,27.74999999999997
2.749999999999986,109.0
54.75,-101.5
-6.5,17.50000000000003
-1.0,116.0
8.500000000000014,48.25
64.0,44.5
43.5,12.25
46.0,-111.5
39.5,57.25
58.5,62.75000000000003
-24.0,-64.49999999999999
24.5,34.75
43.5,144.0
36.749999999999986,59.25
32.75,-104.75
20.000000000000014,81.75
27.75,-8.5
-20.5,164.0
29.25,19.25
-42.50000000000001,171.25
-9.75,147.75
49.5,123.25
-22.75,-61.75
55.75,-2.5
-5.25,149.5
38.0,108.25
-13.999999999999986,18.00000000000003
-12.5,-45.0
-3.75,140.25
-2.0,105.5
43.5,94.5
59.25,71.5
36.249999999999986,9.25
51.5,-113.75
10.0,124.25
40.5,41.75
-34.25,-68.5
16.0,95.5
-6.0,26.0
54.5,78.25
-11.5,14.5
-21.25,-50.5
30.000000000000014,15.25
19.250000000000014,-90.75
1.25,22.5
51.5,35.75
28.75,-107.5
36.499999999999986,-107.25
53.5,86.5
39.0,100.75
60.5,-134.5
65.25,54.0
54.25,53.25
-30.749999999999993,-61.5
24.999999999999986,85.0
-31.500000000000007,-60.5
34.0,49.99999999999997
43.0,78.0
28.5,-2.75
33.5,84.0
56.75,55.75
16.0,76.75
49.0,92.5
18.0,-11.25
14.999999999999986,49.24999999999997
53.0,16.74999999999997
61.25,23.25
-1.0,-56.0
32.0,73.75000000000003
61.75,125.25
-45.75,169.0
61.75,79.25
9.75,-84.25
-37.25000000000001,-68.25
47.5,10.75
53.75,64.25
55.5,102.25
43.5,20.25
57.25,103.25
10.25,41.75
61.25,65.0
28.25,-0.5
-48.50000000000001,-73.25
-5.0,-73.0
18.500000000000014,33.75
43.25,-82.5
17.75,104.25
27.0,96.75
34.5,46.0
54.5,-10.25
-15.25,26.0
32.75,94.75
50.25,44.5
39.0,110.5
35.5,110.0
-6.75,-47.25
5.5,-9.5
0.75,109.5
68.0,90.25
35.25,37.0
30.500000000000014,72.74999999999997
66.25,66.75
46.25,-65.00000000000001
2.0,99.5
54.0,-109.0
26.249999999999986,69.0
49.0,54.75
67.75,160.25
47.5,98.5
-34.25,-57.25
-3.250000000000014,138.75
-29.749999999999993,-64.75000000000001
30.000000000000014,56.5
56.5,102.5
24.999999999999986,-103.5
32.25,-93.5
-8.750000000000014,142.5
57.5,92.25
30.000000000000014,72.74999999999997
53.25,88.25
42.0,33.25
5.0,-74.5
30.750000000000014,-8.25
38.25,31.0
36.999999999999986,113.5
32.0,59.0
-1.5,10.0
-16.0,35.25
-28.5,24.0
-1.75,-53.750000000000014
42.75,79.5
10.5,-75.49999999999999
33.5,-93.5
46.5,-112.25
-8.500000000000014,-77.0
63.75,48.0
-17.5,17.50000000000003
31.75,-88.0
16.25,5.249999999999972
13.999999999999986,74.50000000000003
-16.5,16.49999999999997
16.25,-22.75
18.500000000000014,-88.0
60.75,42.0
27.5,-113.5
53.25,93.25
5.0,-71.25
28.0,-106.25
11.5,25.0
63.5,116.25
58.75,41.25
7.500000000000014,-60.75
60.25,73.25000000000003
60.25,37.25
67.75,152.25
-28.75,31.0
5.0,-68.25
40.0,53.75
44.0,69.5
40.25,44.75
0.0,110.0
13.749999999999986,38.74999999999997
50.75,-119.0
51.5,4.999999999999972
57.5,106.0
13.749999999999986,-6.0
1.25,-62.75
46.0,43.75
66.0,70.0
59.0,26.99999999999997
-32.00000000000001,22.5
44.0,7.000000000000028
0.75,103.0
17.5,-0.5
37.749999999999986,-78.0
49.5,-0.5
55.5,102.25
18.500000000000014,25.25
0.0,109.25
15.5,-83.5
26.75,105.75
63.5,137.75
-32.25000000000001,-61.25
-3.000000000000014,106.25
44.25,71.99999999999997
-35.74999999999999,-64.75000000000001
19.750000000000014,8.5
21.75,69.25
3.749999999999986,44.0
-4.5,140.25
14.249999999999986,23.25
54.75,20.0
41.0,13.75
-22.25,-56.75
48.5,97.25
38.5,-77.25
34.0,8.5
33.5,76.75
18.750000000000014,73.75000000000003
-25.249999999999986,28.50000000000003
47.5,75.25
55.5,107.75
50.0,-87.50000000000001
-15.25,39.24999999999997
15.5,102.5
44.75,109.25
-5.25,-50.5
-11.5,-68.75
-9.25,-67.75
-20.5,25.0
46.75,35.25
2.749999999999986,45.25
32.0,105.25
-8.500000000000014,32.25
6.25,72.99999999999997
-0.25,113.0
14.249999999999986,9.75
51.25,-112.5
25.499999999999986,115.0
-37.50000000000001,147.0
-24.0,-46.25
63.25,56.5
52.25,93.0
54.5,44.75
6.5,30.75
-5.5,-63.25
49.0,-94.75
28.5,-100.5
-8.249999999999986,147.5
5.75,100.25
25.749999999999986,114.5
21.0,71.5
28.5,101.25
44.0,122.75
23.5,86.25
10.5,4.0
-13.25,29.25000000000003
16.5,106.5
1.75,12.75
52.5,49.99999999999997
31.75,-84.5
68.25,20.75
47.0,-94.25
6.5,80.75
-42.25000000000001,-65.25000000000001
57.25,23.75
36.499999999999986,117.75
-3.250000000000014,-48.5
49.75,104.0
24.5,101.5
5.5,-75.74999999999999
18.500000000000014,95.0
50.75,100.0
39.75,-85.25
-1.25,101.75
24.5,55.25
69.5,18.5
1.75,-58.25
64.0,-21.5
3.999999999999986,20.75
49.75,36.25
-29.249999999999993,-52.25
39.0,120.75
41.75,-90.5
53.25,39.50000000000003
43.25,-123.25
-13.749999999999986,32.25
-47.74999999999999,-69.25
38.75,-105.75
32.75,42.5
7.0,46.0
-15.25,-42.0
20.75,79.25
36.999999999999986,-108.5
35.5,10.75
9.75,-6.75
70.5,75.75
18.0,-11.25
39.75,-80.75
-2.499999999999986,108.5
58.0,94.5
21.25,95.25
30.500000000000014,57.25
15.75,15.25
61.0,68.25
22.0,78.75
23.75,19.0
24.0,116.75
19.750000000000014,109.0
12.0,41.5
-3.75,16.74999999999997
45.75,78.75
-6.25,147.0
29.25,79.75
59.75,150.5
61.5,5.499999999999972
41.25,-80.0
-1.5,-48.75
8.500000000000014,3.25
-2.0,-77.25
27.75,74.75
33.5,119.75
53.5,159.75
41.75,43.25
34.0,134.25
58.5,124.75
48.75,108.75
20.250000000000014,96.0
5.25,-56.25
-51.25,-71.5
-23.25,-66.0
15.75,25.5
35.0,137.5
16.5,101.75
-1.5,37.75
55.75,96.25
35.75,55.75
-8.249999999999986,24.75
37.749999999999986,100.0
22.75,48.25
21.25,71.74999999999997
51.0,115.25
39.25,-82.25000000000001
41.25,-6.0
65.25,70.5
65.5,62.50000000000003
-7.25,-39.25
45.5,40.50000000000003
27.75,108.75
43.75,-80.0
-24.749999999999986,-52.749999999999986
46.25,-90.5
34.25,63.5
-13.25,-47.5
-8.500000000000014,29.50000000000003
50.75,16.74999999999997
-3.500000000000014,10.75
32.0,-9.75
30.250000000000014,-88.25
54.5,158.5
59.25,55.75
6.25,26.0
29.25,-9.0
33.75,113.0
6.0,-2.5
1.25,107.5
52.5,-1.0
19.000000000000014,54.25
54.25,61.24999999999997
3.249999999999986,38.24999999999997
14.249999999999986,44.0
-28.75,151.25
60.5,38.49999999999997
61.75,47.25
45.0,114.5
46.25,82.0
47.0,-68.0
-18.25,-43.25
47.0,102.5
45.5,-70.75000000000001
2.0,10.25
32.75,92.25
-0.5,-90.25
61.0,113.0
30.000000000000014,42.5
64.25,29.75
61.25,80.0
-18.25,17.00000000000003
54.0,84.0
26.499999999999986,71.0
35.75,128.75
40.5,110.75
-17.25,-46.75
65.75,20.0
13.499999999999986,74.50000000000003
-30.749999999999993,21.75
24.0,96.0
-24.0,-70.24999999999999
62.25,42.5
35.0,-80.75
46.25,8.0
6.0,119.75
-36.24999999999999,-60.0
46.5,34.25
14.499999999999986,21.25
50.0,21.5
23.5,99.25
31.75,99.25
-33.25,-64.24999999999999
19.000000000000014,-100.75
40.25,36.25
56.0,39.50000000000003
53.0,-111.25
48.5,129.5
46.75,-86.0
-9.75,-38.5
23.75,5.750000000000028
27.25,71.5
56.0,68.0
-11.25,-51.75
6.75,-62.0
60.75,91.5
8.500000000000014,9.75
25.499999999999986,46.5
59.0,-116.75
32.0,-5.0
30.250000000000014,66.0
52.25,143.0
-26.000000000000007,19.25
-9.75,-68.25
12.75,-1.5
31.75,24.0
35.5,-96.75
14.749999999999986,-17.0
25.249999999999986,-98.5
61.25,64.25
28.0,-10.25
-4.0,-62.75
32.0,50.24999999999997
62.25,29.50000000000003
-1.5,132.25
49.75,-98.0
46.5,135.0
52.25,88.5
41.5,-98.5
2.499999999999986,43.5
27.5,21.25
49.75,144.0
-13.999999999999986,-39.25
-14.250000000000014,15.499999999999972
-13.0,-74.25
47.5,-55.25
32.5,-9.5
-37.75000000000001,-63.75
0.25,12.5
65.0,16.74999999999997
61.0,83.25
31.75,99.25
-18.75,-41.75
25.999999999999986,87.5
29.25,61.24999999999997
56.75,47.75
14.249999999999986,35.75
-6.0,-37.0
38.0,99.0
-0.25,17.00000000000003
-31.000000000000007,116.0
49.75,92.5
27.25,69.0
44.5,-89.25
-2.499999999999986,-66.75
22.25,90.0
16.5,-1.25
-3.000000000000014,-39.5
36.749999999999986,4.0
-19.750000000000014,30.75
26.499999999999986,96.5
52.75,120.25
9.75,4.999999999999972
-2.499999999999986,-46.25
42.5,-96.0
-10.75,-48.25
-18.25,-47.75
45.25,35.5
-37.00000000000001,175.0
53.75,-9.0
49.75,16.74999999999997
51.0,104.5
-16.25,46.5
14.499999999999986,26.25
53.0,20.0
33.5,132.0
18.500000000000014,37.0
59.0,92.75
-14.750000000000014,-58.0
-3.500000000000014,130.75
28.75,103.75
-31.750000000000007,28.25000000000003
35.25,126.5
-37.25000000000001,175.0
13.0,39.75000000000003
16.5,2.5
52.0,-111.25
-14.500000000000014,131.75
34.5,119.0
52.25,-107.5
67.5,54.5
24.0,78.75
27.0,111.75
7.250000000000014,20.75
-15.75,31.75
59.5,160.75
5.75,-9.0
50.75,72.74999999999997
-11.0,-76.25000000000001
-5.5,123.5
25.749999999999986,48.75
8.250000000000014,13.5
42.75,17.50000000000003
31.250000000000014,100.5
-6.0,-62.5
32.0,51.25000000000003
39.75,118.0
29.5,45.75
-6.75,30.5
41.25,35.5
51.5,-101.75
8.000000000000014,-8.25
-6.5,13.75
57.25,85.75
47.5,39.75000000000003
53.75,52.5
40.25,-110.75
32.75,118.5
3.499999999999986,-60.0
14.749999999999986,-9.75
18.0,55.75
40.0,-1.25
-8.500000000000014,-39.25
31.250000000000014,105.5
-35.24999999999999,174.25
16.5,-89.25
55.0,66.0
12.0,29.25000000000003
42.0,62.00000000000003
10.75,-4.5
60.5,67.75
51.5,37.5
-10.5,-41.75
48.25,25.0
-7.999999999999986,-70.50000000000001
45.0,-98.0
15.75,38.74999999999997
10.0,29.00000000000003
28.0,-0.5
43.5,129.25
49.25,125.25
64.25,-19.25
43.5,63.00000000000003
14.499999999999986,-86.0
-24.25,-58.25
-13.0,-44.0
1.0,-72.75
-1.75,137.25
13.25,4.749999999999972
46.25,13.25
-18.5,-67.5
12.5,-84.75
24.0,107.5
56.25,33.75
32.75,-114.75
32.0,97.75
-12.0,-62.25
25.249999999999986,72.24999999999997
38.0,96.5
-34.5,115.75
56.25,22.5
34.75,10.25
63.5,157.75
4.75,5.499999999999972
-20.5,-68.25
45.0,-1.0
-11.0,-68.5
44.25,43.5
-18.999999999999986,19.0
2.749999999999986,-65.5
-3.75,13.5
66.5,84.25
-30.499999999999993,150.5
6.5,125.5
43.5,102.75
-7.0,-55.5
45.0,71.99999999999997
-13.25,-46.5
56.25,100.5
9.000000000000014,34.5
25.749999999999986,44.75
57.5,25.5
47.5,132.75
67.5,26.99999999999997
31.250000000000014,-8.75
43.75,121.25
20.250000000000014,101.5
44.0,107.25
43.75,54.5
4.25,-74.75
62.75,70.75
-17.75,-55.25
-10.0,-43.5
13.0,35.0
20.75,86.75
-16.0,48.5
50.75,-108.25
59.5,96.25
47.5,24.5
-2.499999999999986,138.25
64.25,79.25
21.75,85.25
-46.49999999999999,-72.5
-10.5,-43.5
27.5,119.5
61.0,12.25
-7.25,-58.0
20.000000000000014,-71.5
56.0,74.75
57.75,21.5
-18.75,30.5
12.75,6.000000000000028
-7.0,-65.00000000000001
-14.250000000000014,-63.0
22.75,44.25
27.75,82.25
34.25,110.0
42.5,-88.25
33.75,-89.0
0.0,17.50000000000003
19.750000000000014,10.25
-16.25,-70.50000000000001
33.25,116.75
19.250000000000014,23.5
17.0,104.25
20.75,-3.75
9.000000000000014,-10.25
47.75,114.0
28.0,-82.5
57.0,126.0
37.749999999999986,140.75
30.000000000000014,47.5
14.749999999999986,35.5
-27.25,-48.5
20.000000000000014,84.0
4.25,-55.5
28.5,2.5
16.5,-90.75
60.25,21.5
46.75,138.25
39.25,-98.5
31.000000000000014,-4.0
63.0,63.5
54.0,122.25
45.25,28.25000000000003
-33.0,26.25
41.5,22.0
30.500000000000014,103.25
50.25,109.75
19.000000000000014,101.5
45.0,27.24999999999997
49.5,54.5
27.75,42.75
69.5,64.0
68.75,29.25000000000003
48.75,39.75000000000003
64.0,70.25
56.5,30.5
41.0,40.75000000000003
-3.500000000000014,-40.75
22.75,55.75
28.0,0.25
44.25,107.5
-23.0,-69.0
36.749999999999986,60.49999999999997
58.5,39.50000000000003
18.25,-7.75
56.0,28.75000000000003
40.5,-74.25
28.5,61.49999999999997
-13.499999999999986,-52.749999999999986
29.5,13.25
9.000000000000014,-73.0
-43.25000000000001,-67.0
54.5,34.75
45.5,125.0
36.999999999999986,117.75
34.75,-90.0
35.75,120.0
-18.5,-48.25
7.750000000000014,-63.5
19.250000000000014,77.5
43.0,-122.5
-6.25,-45.75
-28.5,-55.5
-5.75,144.0
71.5,68.5
16.25,-98.0
62.5,129.5
46.5,86.0
61.5,51.50000000000003
19.500000000000014,-90.75
10.75,6.500000000000028
56.0,56.0
37.749999999999986,100.25
32.25,70.25
38.75,-8.75
55.5,87.0
35.0,-4.5
3.249999999999986,30.0
60.25,24.75
59.25,37.99999999999997
39.75,-120.25
-24.999999999999986,-54.25
12.75,-86.0
11.75,77.75
39.25,-95.5
20.5,-104.75
68.25,163.25
16.5,98.25
-19.499999999999986,-42.75
18.750000000000014,41.75
-13.499999999999986,-76.25000000000001
6.75,35.75
55.5,67.5
-17.5,168.0
60.75,33.25
26.249999999999986,-77.5
53.75,59.5
67.75,65.0
34.75,-81.24999999999999
44.0,-75.49999999999999
30.250000000000014,121.5
22.25,73.50000000000003
63.25,81.75
55.25,49.74999999999997
24.0,7.5
40.75,71.99999999999997
6.0,-61.25
14.749999999999986,38.24999999999997
-9.000000000000014,24.25
10.25,98.5
34.25,75.0
12.25,-68.25
45.25,-97.75
43.25,-80.0
-2.0,-54.000000000000014
33.0,101.5
-3.000000000000014,31.75
-6.0,23.75
-10.75,19.25
-20.000000000000014,141.75
34.0,-114.25
42.5,85.25
21.75,49.99999999999997
38.75,124.75
20.000000000000014,110.75
8.750000000000014,16.24999999999997
10.5,-63.25
38.25,-117.25
52.0,21.0
34.25,114.25
53.75,78.75
-15.75,25.0
40.5,32.5
53.0,126.25
65.25,27.49999999999997
15.5,103.0
16.25,-7.25
40.75,-124.25
60.25,56.5
35.75,44.0
43.0,53.0
11.75,-70.24999999999999
19.500000000000014,99.5
39.25,117.0
48.75,-69.5
-39.25,-63.75
32.25,-116.25
10.5,-69.74999999999999
53.75,-107.0
30.250000000000014,104.25
65.0,37.0
28.75,114.0
-31.000000000000007,-60.75
37.749999999999986,115.75
63.75,73.50000000000003
64.5,-158.75
37.249999999999986,-113.5
52.5,48.25
65.5,-15.25
2.499999999999986,20.75
32.0,4.999999999999972
44.5,79.5
-17.25,15.0
55.75,-120.5
-28.75,-61.0
42.75,-7.5
-15.5,27.74999999999997
19.750000000000014,76.0
-6.5,115.5
-37.25000000000001,143.5
44.5,40.25000000000003
-29.999999999999993,152.5
37.249999999999986,39.24999999999997
37.499999999999986,-5.0
41.0,122.5
25.749999999999986,79.75
53.0,111.0
24.5,19.25
25.749999999999986,92.25
1.75,98.5
-7.5,-39.25
33.25,-113.25
43.5,-86.0
46.25,-89.0
50.25,44.75
61.75,73.75000000000003
40.75,39.24999999999997
45.75,103.5
-31.500000000000007,151.25
24.25,101.5
40.5,108.0
22.0,99.75
54.0,82.0
33.0,-95.25
17.5,99.75
30.000000000000014,100.75
36.499999999999986,140.5
-44.75,-69.5
-14.500000000000014,-146.5
17.75,55.0
23.0,48.5
18.0,43.0
49.75,-100.25
36.749999999999986,-105.25
63.75,119.5
30.750000000000014,-99.5
25.499999999999986,12.0
48.25,49.0
-31.000000000000007,-60.25
-18.75,23.25
7.0,49.0
26.499999999999986,111.5
-12.75,20.75
54.5,-110.0
-2.0,147.75
55.0,-94.25
-2.499999999999986,110.25
45.25,-78.0
-13.999999999999986,-72.5
-25.500000000000014,29.00000000000003
53.25,35.5
31.75,46.5
-35.99999999999999,174.25
30.250000000000014,4.499999999999972
-11.75,14.25
21.0,-99.0
38.25,-75.74999999999999
44.75,99.75
49.75,69.0
1.75,41.25
37.499999999999986,62.50000000000003
28.25,88.75
29.750000000000014,106.75
22.25,76.75
-12.0,34.75
-35.99999999999999,-58.25
35.999999999999986,107.0
-6.75,-48.0
1.25,10.75
22.5,-83.0
-28.75,-55.75
50.0,126.5
56.5,82.5
-10.25,-47.0
33.5,66.0
-9.25,-41.25
-16.25,-46.5
61.25,71.99999999999997
-14.750000000000014,37.99999999999997
32.75,12.75
28.25,53.5
17.25,-95.5
-21.75,149.25
66.25,63.25000000000003
30.750000000000014,33.0
10.75,79.25
6.75,-66.5
10.25,104.25
54.25,22.5
43.75,18.5
39.5,-87.50000000000001
-3.75,-56.0
45.25,130.0
49.25,37.99999999999997
-29.0,30.75
68.5,74.75
-50.25,-73.0
12.0,106.0
-6.75,105.0
44.0,-95.5
67.0,15.499999999999972
5.0,-8.25
-7.5,29.00000000000003
4.75,29.50000000000003
53.75,89.5
2.999999999999986,101.75
0.75,36.5
13.999999999999986,13.5
1.0,-70.75000000000001
-9.000000000000014,38.24999999999997
18.500000000000014,-102.25
58.5,125.25
30.000000000000014,45.5
59.5,28.50000000000003
35.999999999999986,105.25
35.999999999999986,70.25
60.75,10.25
40.25,-7.75
56.25,34.0
-4.25,-76.25000000000001
-26.500000000000007,23.0
60.25,93.0
-28.5,-53.249999999999986
27.25,30.75
43.75,25.75
59.75,113.5
29.0,42.5
-2.499999999999986,134.75
8.500000000000014,-67.5
62.5,59.5
60.0,10.5
36.249999999999986,4.749999999999972
44.0,0.75
48.0,72.24999999999997
45.0,46.0
-3.500000000000014,121.0
-22.5,-64.49999999999999
35.999999999999986,-117.5
-18.25,-49.25
42.25,54.0
30.750000000000014,11.0
48.25,-99.75
16.0,38.99999999999997
-35.24999999999999,146.5
19.750000000000014,109.25
39.75,118.75
15.249999999999986,48.5
55.25,46.25
-15.5,38.49999999999997
28.75,2.75
32.75,73.50000000000003
21.5,106.75
17.5,4.749999999999972
60.25,59.25
11.25,32.75
47.5,134.5
7.750000000000014,-66.75
-6.0,28.25000000000003
-3.75,-79.25
24.749999999999986,101.5
27.5,66.0
53.75,90.5
-0.25,-51.75
45.5,-97.75
29.25,5.249999999999972
44.75,16.49999999999997
54.25,-108.25
17.0,-3.5
62.0,30.75
3.499999999999986,-69.25
42.5,3.0
76.25,106.0
28.25,82.75
62.75,11.0
45.25,0.25
8.500000000000014,-72.25
61.25,81.75
-8.249999999999986,-42.75
70.25,78.75
47.0,-84.25
4.75,47.5
42.75,128.25
57.0,16.74999999999997
39.5,61.24999999999997
45.75,111.25
-8.750000000000014,-78.5
42.75,-97.0
-2.0,-56.25
-16.0,26.25
34.0,117.75
-18.75,178.0
38.25,109.25
-31.000000000000007,-58.25
58.25,34.75
10.75,24.75
29.5,24.5
37.499999999999986,120.25
16.75,24.0
9.000000000000014,41.75
70.0,77.25
52.0,25.0
8.000000000000014,35.75
13.25,121.25
-31.500000000000007,19.0
1.75,7.25
-27.25,31.25
9.000000000000014,-61.0
43.75,-117.25
56.75,43.25
-1.0,103.25
15.5,-8.25
62.75,72.49999999999997
39.5,53.5
-29.0,-66.25
29.0,33.25
34.0,59.75
32.0,-101.5
49.5,139.0
38.75,-86.99999999999999
38.75,42.0
62.25,46.5
1.0,115.75
35.25,51.75000000000003
-6.0,13.5
-9.75,-50.25
49.25,95.5
14.249999999999986,103.0
31.000000000000014,-84.5
-14.250000000000014,39.75000000000003
49.0,79.5
11.75,11.5
19.250000000000014,56.25
44.0,1.0
54.25,120.75
14.749999999999986,10.75
5.0,32.0
42.75,93.25
15.5,20.5
36.749999999999986,-105.5
8.000000000000014,42.5
50.0,70.0
-15.75,30.0
44.5,-75.24999999999999
39.0,111.75
61.75,117.25
56.25,55.75
27.75,1.25
45.75,-89.5
-7.749999999999986,-44.25
67.0,40.25000000000003
38.0,28.25000000000003
41.0,-98.5
66.25,72.74999999999997
55.25,108.0
35.5,72.49999999999997
29.5,-101.25
36.249999999999986,99.75
26.499999999999986,-98.25
20.5,49.49999999999997
68.25,77.0
31.75,106.25
-30.749999999999993,27.24999999999997
27.5,5.499999999999972
11.75,0.0
43.0,80.0
0.0,22.25
0.25,107.0
27.5,113.25
-34.25,21.25
55.0,36.0
66.5,15.25
0.5,10.0
-4.0,20.75
55.5,52.75
46.0,71.25
66.5,61.74999999999997
44.25,92.5
0.25,117.5
27.75,103.75
40.25,-103.0
38.5,-95.25
71.75,70.75
43.75,46.25
15.249999999999986,-10.25
-33.75,21.5
-9.25,-37.25
65.5,22.0
-17.0,19.75
-1.25,18.5
-0.75,135.5
32.0,-88.75
36.749999999999986,112.0
43.5,0.0
61.0,149.0
48.25,71.25
47.0,-97.5
30.250000000000014,39.24999999999997
3.749999999999986,17.75000000000003
31.000000000000014,58.0
61.75,82.0
-29.249999999999993,-64.24999999999999
-25.249999999999986,-54.25
-1.5,17.25000000000003
-41.74999999999999,145.25
25.499999999999986,92.25
-30.499999999999993,138.75
59.75,38.99999999999997
39.0,-78.75
48.5,132.25
50.25,98.25
53.75,-2.5
17.75,8.25
-1.0,23.25
22.0,-101.75
53.5,114.75
-4.5,24.75
16.5,80.0
37.249999999999986,-104.0
12.25,31.5
46.25,-60.75
40.5,-75.74999999999999
-20.250000000000014,21.25
44.25,-116.75
31.250000000000014,49.24999999999997
-15.75,26.74999999999997
8.500000000000014,4.999999999999972
61.25,61.24999999999997
53.5,140.0
68.75,66.5
17.0,76.5
32.75,-83.75
54.25,15.749999999999972
-29.249999999999993,-58.0
26.75,78.75
47.5,132.75
29.0,41.75
11.5,-0.5
59.75,66.75
45.5,124.0
-4.0,12.75
32.0,68.0
25.249999999999986,69.25
34.0,63.5
63.25,112.5
52.25,142.0
33.0,56.5
49.25,-113.0
62.5,46.75
-8.750000000000014,21.0
-36.24999999999999,-64.49999999999999
-2.499999999999986,-51.5
-10.25,-55.5
47.5,136.25
-29.999999999999993,-57.5
50.0,-122.0
-27.5,-50.25
-45.75,-67.75
8.000000000000014,-66.25
-36.24999999999999,-66.5
23.0,55.5
46.25,-79.5
33.75,119.0
20.75,106.0
60.0,18.00000000000003
17.75,5.499999999999972
-36.24999999999999,-65.00000000000001
50.5,21.5
-2.499999999999986,-79.75
-18.5,17.75000000000003
-25.500000000000014,-53.249999999999986
-29.749999999999993,30.75
27.5,120.25
-34.75,-63.999999999999986
2.249999999999986,-75.49999999999999
52.5,124.25
30.750000000000014,35.5
7.250000000000014,-69.25
47.0,6.500000000000028
16.0,46.75
13.0,-15.5
52.25,4.249999999999972
23.5,89.0
0.25,-74.75
29.25,106.75
67.75,149.25
68.5,126.25
39.75,70.0
-21.75,35.0
48.25,90.0
16.5,-10.5
48.5,-72.0
42.25,61.49999999999997
-9.5,-76.25000000000001
6.0,-74.5
57.75,89.5
34.25,-2.0
64.75,19.5
30.500000000000014,53.75
13.499999999999986,-10.5
55.75,103.25
44.5,64.25
36.749999999999986,105.0
-20.75,-66.25
-43.75000000000001,171.75
63.0,29.75
1.75,-51.25
38.5,-96.0
36.999999999999986,7.25
2.749999999999986,12.75
-20.5,-52.25
-27.5,-71.25
22.25,70.25
39.75,73.75000000000003
-1.75,27.24999999999997
46.75,-83.75
23.5,34.5
39.5,-93.25
14.249999999999986,29.50000000000003
47.5,62.75000000000003
50.5,85.5
-20.5,-61.25
57.0,13.0
28.5,-82.00000000000001
48.75,120.75
63.75,70.5
64.0,38.49999999999997
51.5,51.75000000000003
-12.25,18.75
45.0,127.0
-27.25,-51.5
21.75,21.0
33.75,103.0
22.0,83.0
27.75,48.25
2.249999999999986,112.75
45.0,127.75
40.0,42.25
-16.25,133.75
-26.250000000000007,-54.5
-16.25,-69.0
35.0,37.5
-0.75,135.25
30.750000000000014,5.249999999999972
29.25,47.75
49.75,134.0
20.75,-156.5
50.75,18.25000000000003
41.5,33.0
-10.5,-76.75
49.5,57.75
60.25,33.25
60.5,40.75000000000003
-24.749999999999986,-48.25
28.5,38.49999999999997
35.75,34.25
-4.5,13.75
-7.749999999999986,17.75000000000003
41.5,67.25
10.0,6.500000000000028
0.5,109.5
14.499999999999986,41.25
53.0,-4.0
-13.749999999999986,-52.25
25.999999999999986,104.0
45.0,126.75
34.5,-85.5
63.75,9.25
54.75,-2.75
1.25,110.0
80.0,16.49999999999997
35.25,54.5
27.25,22.25
62.0,44.25
-33.5,-57.75
48.25,-95.75
43.5,73.50000000000003
43.5,62.75000000000003
48.0,-69.99999999999999
71.75,79.75
6.0,-9.25
-31.750000000000007,-54.75
48.5,81.75
13.499999999999986,15.25
4.5,9.25
-9.5,-57.0
34.75,36.75
43.5,0.75
42.0,70.0
8.000000000000014,17.25000000000003
-5.25,31.75
51.0,-98.5
38.75,108.25
-17.5,25.0
-4.0,-47.75
-37.75000000000001,-71.25
2.749999999999986,12.0
36.999999999999986,47.5
21.0,84.5
13.749999999999986,23.75
59.5,63.00000000000003
25.499999999999986,92.75
8.250000000000014,-71.00000000000001
52.0,40.50000000000003
-1.0,-71.00000000000001
21.5,-77.5
-27.75,-55.25
63.25,23.5
46.0,60.49999999999997
19.750000000000014,-14.0
44.0,70.5
7.750000000000014,-1.5
2.0,-77.5
57.0,46.5
28.0,62.75000000000003
28.25,-115.25
38.75,13.0
-23.0,131.75
-6.75,-48.5
9.75,118.75
7.750000000000014,-5.5
31.75,-7.0
-21.0,-65.5
10.0,47.75
6.0,-69.5
-11.5,-50.75
45.5,90.25
-4.0,17.25000000000003
50.25,72.24999999999997
40.5,-4.5
41.25,58.25
-35.24999999999999,-70.24999999999999
-10.5,123.25
9.25,28.25000000000003
6.25,-62.25
23.75,68.5
-26.500000000000007,-69.25
29.25,-98.0
38.0,103.25
52.25,18.25000000000003
-1.5,127.5
5.5,30.75
37.749999999999986,125.5
65.25,14.0
-8.249999999999986,-71.25
67.75,27.24999999999997
9.000000000000014,35.0
-32.75,-61.5
33.5,-91.0
47.75,6.250000000000028
8.750000000000014,-60.25
-5.25,122.75
25.249999999999986,56.0
-31.750000000000007,24.25
62.25,14.0
28.75,86.25
7.250000000000014,-63.999999999999986
-11.5,130.5
51.25,57.0
-3.250000000000014,-51.25
24.749999999999986,110.0
36.749999999999986,41.25
54.5,44.25
-12.0,22.5
52.75,86.5
43.0,-95.0
44.5,125.25
-13.0,15.499999999999972
12.5,120.25
-2.749999999999986,128.25
46.75,-116.0
17.5,8.5
22.75,43.0
-7.25,144.25
-18.25,-50.25
67.5,-133.75
12.25,26.99999999999997
62.25,24.5
24.999999999999986,44.75
44.5,-64.49999999999999
43.25,0.5
40.0,38.24999999999997
18.0,98.0
41.25,-87.75000000000001
5.75,46.25
36.249999999999986,109.75
60.5,10.5
-1.25,100.5
44.75,96.0
34.0,61.49999999999997
11.0,103.5
41.5,78.5
61.75,26.74999999999997
38.5,101.25
-25.750000000000014,-60.5
15.75,-9.5
12.5,10.0
16.75,6.000000000000028
50.0,59.0
35.0,-100.0
3.249999999999986,20.0
57.25,124.0
45.25,79.5
45.25,6.500000000000028
34.0,6.000000000000028
-35.74999999999999,150.0
60.75,77.75
27.5,-82.5
51.25,61.74999999999997
-32.75,115.75
56.0,-115.75
36.249999999999986,55.25
5.0,-7.5
8.750000000000014,-73.5
34.75,40.75000000000003
40.5,61.49999999999997
36.749999999999986,94.75
46.0,6.000000000000028
49.5,-100.75
30.250000000000014,-83.5
45.75,14.0
44.5,-73.0
14.249999999999986,34.75
-32.25000000000001,-58.999999999999986
19.500000000000014,-102.5
59.75,128.25
59.75,37.99999999999997
-27.5,-50.5
44.0,112.0
58.0,52.5
20.000000000000014,-14.5
17.75,82.75
14.999999999999986,-87.75000000000001
45.75,-97.5
67.0,70.25
-31.250000000000007,-56.5
46.75,-90.5
12.0,23.0
8.750000000000014,124.75
19.000000000000014,44.25
43.0,142.0
45.5,-120.0
20.250000000000014,52.5
-12.25,-63.999999999999986
-26.250000000000007,24.75
56.75,66.0
52.75,-112.75
-25.750000000000014,16.74999999999997
5.25,29.50000000000003
-14.750000000000014,18.25000000000003
49.75,42.75
21.25,53.5
9.25,26.99999999999997
11.5,20.25
35.75,-120.5
67.0,129.75
21.75,92.25
46.75,76.25
32.75,114.5
-29.0,152.25
36.499999999999986,-89.5
-8.249999999999986,24.75
50.75,122.25
12.5,97.75
-34.5,147.0
57.0,16.74999999999997
68.5,16.74999999999997
34.0,108.0
58.0,76.25
3.749999999999986,116.25
-19.750000000000014,-46.75
34.0,134.5
46.5,142.25
33.75,-97.25
6.75,11.75
68.5,135.5
21.0,17.75000000000003
18.750000000000014,97.75
16.25,25.75
47.5,138.25
7.750000000000014,-62.5
58.0,22.5
50.0,72.74999999999997
-13.999999999999986,-55.75
5.0,37.25
67.25,65.0
47.0,51.50000000000003
49.0,21.5
45.75,129.5
47.0,15.749999999999972
61.25,74.75
32.0,37.75
5.75,47.75
19.250000000000014,3.75
12.25,-84.5
59.25,86.75
-27.5,20.0
-7.999999999999986,127.5
-3.75,21.0
-6.0,140.25
-23.0,33.25
25.499999999999986,82.5
50.0,117.25
18.25,-73.0
4.5,97.5
5.0,-6.25
27.5,119.75
60.5,15.0
38.75,115.5
-20.75,139.5
21.5,30.75
25.999999999999986,71.99999999999997
45.75,27.49999999999997
38.75,-98.0
-16.5,26.0
13.0,-87.50000000000001
-1.75,20.0
32.25,-95.0
17.0,25.75
47.0,51.75000000000003
8.750000000000014,11.0
34.5,131.0
33.25,73.50000000000003
14.999999999999986,10.5
-23.75,20.75
61.0,32.75
-6.25,107.0
44.25,53.5
33.0,-100.75
65.75,24.0
43.75,112.0
28.75,-103.5
61.75,5.499999999999972
29.750000000000014,55.0
-22.0,15.0
56.75,44.5
1.25,-52.5
35.75,45.75
14.499999999999986,107.0
46.25,11.25
52.5,25.75
52.5,66.5
60.25,-77.25
50.75,-4.25
13.499999999999986,120.5
-14.500000000000014,34.0
-5.0,-51.25
11.0,46.0
56.25,-5.5
44.5,77.0
43.0,-94.25
47.0,126.5
28.0,111.0
26.249999999999986,79.25
39.75,63.75
40.0,76.25
-6.75,108.5
-2.0,12.75
43.25,65.75
-19.499999999999986,32.75
-28.0,-69.74999999999999
41.75,-98.5
40.0,118.25
28.75,121.5
-24.749999999999986,32.5
-13.749999999999986,18.5
57.0,48.5
36.999999999999986,27.99999999999997
24.5,-2.0
28.75,6.250000000000028
50.25,12.75
-11.0,-42.5
12.0,122.0
-7.999999999999986,26.5
-11.0,-44.75
3.749999999999986,115.0
33.5,68.5
19.000000000000014,83.0
52.5,62.50000000000003
12.25,11.25
51.25,57.0
10.0,20.5
48.25,134.75
55.75,63.25000000000003
52.25,116.75
71.25,98.25
7.250000000000014,-5.25
5.75,33.75
28.0,108.0
52.5,109.0
59.0,97.25
66.25,63.75
52.25,142.0
-16.0,-67.0
47.5,113.5
40.0,112.0
56.75,42.5
48.5,-1.25
27.5,14.5
19.250000000000014,56.25
47.25,100.5
61.75,77.25
37.249999999999986,118.25
47.75,-100.5
48.75,60.99999999999997
-29.749999999999993,-52.749999999999986
18.500000000000014,120.75
24.25,56.5
35.25,1.75
34.25,8.25
25.749999999999986,58.75
9.75,27.49999999999997
9.000000000000014,-78.5
51.75,65.5
29.0,15.25
35.5,-88.75
-13.0,-76.50000000000001
17.0,121.5
26.499999999999986,74.50000000000003
56.0,94.25
19.500000000000014,93.5
55.75,48.75
41.0,-105.0
53.75,89.0
10.25,37.99999999999997
49.5,23.25
36.999999999999986,-91.25
-16.5,44.25
49.75,117.75
28.5,78.0
35.0,9.25
66.5,119.0
-2.499999999999986,-72.75
60.5,42.25
31.000000000000014,76.75
24.0,117.5
17.25,75.75
10.5,-6.75
46.75,83.75
68.25,79.75
6.75,11.5
26.249999999999986,83.5
-7.749999999999986,30.0
-5.75,155.25
-8.750000000000014,-40.5
30.250000000000014,83.25
41.25,-105.5
-2.249999999999986,21.25
32.5,-7.25
51.0,69.5
-10.25,162.0
-14.750000000000014,-51.25
31.500000000000014,47.75
59.75,43.0
37.499999999999986,138.5
-3.500000000000014,126.5
-17.5,18.00000000000003
49.75,80.0
60.75,55.5
-13.999999999999986,-61.75
37.249999999999986,36.0
25.749999999999986,94.5
-32.00000000000001,117.75
60.75,38.24999999999997
15.249999999999986,120.0
60.0,67.25
38.25,-4.0
-3.500000000000014,141.25
34.0,103.25
-49.25000000000001,-72.75
24.0,40.75000000000003
42.25,23.5
48.75,85.75
40.25,94.75
38.5,21.5
60.5,26.5
38.75,32.0
31.75,112.25
6.75,-65.25000000000001
14.249999999999986,33.75
8.500000000000014,49.24999999999997
68.5,18.75
48.75,-93.25
13.749999999999986,79.25
30.250000000000014,35.5
69.5,22.25
-3.75,-53.500000000000014
0.25,100.25
24.999999999999986,12.0
60.75,34.0
1.0,15.25
21.5,-83.25
-1.0,113.25
3.249999999999986,106.25
-3.500000000000014,28.25000000000003
27.75,105.75
53.75,-117.0
12.5,-3.5
18.0,32.5
4.5,24.25
51.75,-102.75
50.25,59.5
-15.75,37.99999999999997
3.499999999999986,101.75
-18.5,32.25
2.249999999999986,104.0
20.250000000000014,28.25000000000003
14.499999999999986,19.5
-15.75,-66.25
22.0,10.0
16.75,10.5
52.75,53.0
31.000000000000014,62.75000000000003
7.500000000000014,-11.75
45.75,135.25
49.75,26.74999999999997
42.75,-74.5
47.5,111.5
49.0,42.75
34.5,-101.5
-18.5,13.5
28.5,44.25
50.75,94.25
59.75,127.5
9.75,15.999999999999972
37.749999999999986,43.0
-6.0,-48.5
13.999999999999986,98.5
-2.749999999999986,100.0
45.5,-71.00000000000001
10.25,49.99999999999997
46.0,-61.25
-24.25,47.0
16.5,121.5
42.0,22.5
45.75,65.25
50.5,55.75
10.0,49.49999999999997
48.75,25.0
20.5,56.75
46.0,21.25
13.749999999999986,108.25
-5.0,31.0
-0.5,101.0
1.75,-70.50000000000001
50.75,85.75
58.5,102.25
9.5,34.75
38.75,-104.0
34.0,43.75
64.5,13.75
46.25,-77.0
64.25,32.75
-14.250000000000014,-52.999999999999986
47.25,16.24999999999997
24.25,85.75
63.75,72.74999999999997
13.0,-5.25
42.25,140.0
-17.0,-61.0
-15.5,15.749999999999972
42.0,70.0
-17.5,-69.99999999999999
-47.49999999999999,-70.50000000000001
-6.5,-62.0
-9.000000000000014,-61.5
47.0,78.75
22.25,43.75
60.75,67.25
57.75,67.5
-52.74999999999999,-74.5
41.75,-104.75
3.749999999999986,97.0
-4.0,-49.0
-10.75,38.99999999999997
-50.0,-75.49999999999999
47.5,111.25
63.5,33.25
35.75,136.0
54.75,103.25
65.75,59.5
39.5,69.25
-1.25,98.5
23.25,-5.5
43.0,130.25
14.499999999999986,28.25000000000003
48.0,55.75
67.0,21.25
1.25,-64.49999999999999
17.75,97.75
1.75,127.75
63.75,70.75
-7.999999999999986,-63.25
18.0,-13.75
23.5,-104.0
17.5,-2.5
-12.0,-68.0
21.25,23.5
21.75,-101.0
-41.24999999999999,-66.0
2.499999999999986,42.5
33.25,62.75000000000003
8.500000000000014,-8.5
37.249999999999986,28.75000000000003
48.25,101.0
20.250000000000014,9.5
-22.25,-52.5
-22.5,-68.5
40.75,13.75
26.75,-109.0
49.25,79.5
-46.74999999999999,-72.75
-36.24999999999999,-68.25
14.999999999999986,18.25000000000003
-3.75,-57.25
7.750000000000014,28.25000000000003
20.75,84.0
62.25,117.0
32.25,-6.5
12.25,108.25
11.75,-0.5
38.5,47.75
-24.999999999999986,-55.75
52.0,42.0
29.0,30.75
10.25,-12.0
9.75,100.0
14.999999999999986,-23.75
45.25,-102.25
52.75,41.5
16.5,79.5
20.000000000000014,4.249999999999972
51.25,61.24999999999997
8.750000000000014,-2.5
32.25,11.0
13.0,33.0
-7.999999999999986,-44.0
51.75,-110.5
66.25,64.5
-0.75,10.0
19.000000000000014,28.25000000000003
9.5,138.0
-7.999999999999986,36.75
-3.500000000000014,17.75000000000003
-29.999999999999993,26.74999999999997
26.249999999999986,95.25
30.000000000000014,83.75
36.249999999999986,-115.5
53.0,86.75
22.75,88.5
45.25,40.00000000000003
-21.0,-51.75
21.75,103.25
20.75,57.5
39.75,-105.75
62.25,31.0
64.5,43.5
34.75,66.5
58.75,31.75
19.250000000000014,8.75
-14.500000000000014,-47.75
-14.750000000000014,14.75
13.999999999999986,34.75
49.25,60.0
-11.75,-64.75000000000001
-15.25,-46.25
50.25,134.25
5.0,-71.75
44.75,142.0
-3.500000000000014,-38.5
-49.25000000000001,-70.24999999999999
64.75,64.75
-16.75,39.24999999999997
17.75,18.25000000000003
-33.5,115.0
31.500000000000014,-88.25
-9.25,24.75
61.25,69.25
41.25,39.24999999999997
60.75,57.25
-34.0,139.25
-5.25,102.25
-10.0,17.75000000000003
-24.0,149.75
58.75,54.25
37.499999999999986,9.25
60.25,26.0
49.25,41.75
48.25,125.0
31.250000000000014,6.000000000000028
45.75,15.25
57.25,100.25
52.0,47.5
53.5,138.75
-33.5,-57.75
2.0,-62.5
-32.00000000000001,-53.500000000000014
33.5,100.5
45.25,113.0
-3.000000000000014,28.25000000000003
42.0,122.25
43.75,18.00000000000003
48.0,77.5
54.75,86.5
46.5,31.5
39.75,-88.0
12.25,25.75
61.25,76.5
49.25,29.75
-4.25,15.0
53.5,112.5
40.75,47.5
-12.0,-56.5
52.75,-108.0
59.0,51.25000000000003
30.250000000000014,59.5
43.5,-81.75000000000001
23.5,-103.25
-3.500000000000014,140.75
54.0,-105.5
22.0,109.5
28.75,116.25
53.5,-107.25
17.75,122.0
45.5,69.25
30.000000000000014,55.75
59.0,31.75
32.0,64.75
43.25,-73.75
-6.0,22.0
61.75,44.25
35.0,-88.5
32.0,1.0
6.5,-57.75
22.5,45.25
13.0,10.0
-0.5,-54.75
-11.5,22.5
42.75,-72.5
25.999999999999986,59.0
-8.249999999999986,37.5
-40.49999999999999,-73.5
-15.75,-49.5
38.5,-109.25
50.25,68.5
30.000000000000014,121.5
4.5,-61.0
29.750000000000014,117.0
30.250000000000014,-6.25
-7.999999999999986,110.25
39.5,127.5
-11.25,-70.75000000000001
35.999999999999986,57.5
41.75,45.0
32.25,-116.75
1.5,-74.5
55.0,55.0
50.25,123.75
-27.5,-49.5
51.5,63.25000000000003
23.25,93.75
22.0,41.25
29.750000000000014,-97.75
15.5,16.74999999999997
48.0,-119.75
24.749999999999986,108.25
38.5,-77.0
13.749999999999986,78.5
53.75,21.25
22.75,-103.5
50.75,-112.25
45.25,125.0
48.75,24.75
51.0,44.0
-6.5,-44.25
44.75,88.25
-22.0,15.749999999999972
-32.50000000000001,148.25
22.75,-3.5
53.75,95.75
38.25,-117.5
-3.000000000000014,-47.25
39.0,92.25
58.5,35.75
24.25,52.75
-9.000000000000014,-43.75
-2.749999999999986,26.25
51.5,47.75
12.5,123.5
48.75,103.75
48.75,3.5
-13.499999999999986,-60.5
47.0,108.5
46.0,-102.0
72.75,70.0
-13.0,-70.50000000000001
-2.499999999999986,-79.75
17.25,7.75
3.249999999999986,-74.0
53.0,17.75000000000003
32.0,-4.0
40.25,140.25
57.75,14.5
30.000000000000014,-108.75
-20.75,119.5
63.5,19.75
44.25,-1.25
49.5,80.0
47.5,-115.5
-18.5,48.25
31.500000000000014,130.5
31.500000000000014,47.25
2.0,117.5
53.0,127.75
30.000000000000014,23.75
34.25,77.25
20.250000000000014,15.749999999999972
-54.00000000000001,-67.75
0.75,115.5
36.749999999999986,106.25
-6.75,-46.5
51.75,24.0
64.75,83.25
49.75,124.0
41.0,123.5
28.25,59.75
18.500000000000014,30.0
-18.999999999999986,-42.5
28.25,21.0
29.0,72.24999999999997
62.5,60.25
64.25,112.25
24.749999999999986,19.0
33.5,0.75
-8.249999999999986,-49.5
52.5,75.75
65.25,-175.75
32.75,60.49999999999997
47.75,120.25
62.5,31.25
6.5,-76.00000000000001
56.25,59.0
19.250000000000014,103.25
45.0,51.25000000000003
51.5,-115.0
38.0,60.49999999999997
-3.250000000000014,135.0
36.999999999999986,-81.24999999999999
3.249999999999986,13.0
55.0,33.25
0.25,98.75
47.75,89.75
11.75,-6.25
23.5,120.25
-22.5,-68.25
37.499999999999986,106.0
60.75,17.00000000000003
66.25,64.75
-6.5,142.25
27.0,-105.25
-0.25,-65.75
47.75,-90.5
40.5,-80.25
64.75,68.25
-30.249999999999993,-57.0
13.0,37.5
-23.25,-62.25
46.0,67.5
18.750000000000014,-16.25
11.75,40.25000000000003
42.5,1.25
-9.5,-73.5
-26.500000000000007,-65.25000000000001
-15.0,24.25
5.0,100.25
45.25,63.25000000000003
45.0,76.0
-30.749999999999993,18.00000000000003
68.0,19.25
7.500000000000014,-72.0
8.750000000000014,44.0
17.75,20.75
-40.99999999999999,-74.0
43.0,80.75
41.0,105.0
59.5,95.0
33.25,90.5
46.25,52.75
40.75,81.25
-7.5,117.25
-23.5,147.5
50.75,0.0
38.5,20.5
-22.25,25.0
61.25,44.5
58.0,64.75
52.25,8.0
20.5,53.0
53.25,109.5
-32.00000000000001,118.75
33.0,114.0
29.0,82.25
47.0,-95.25
31.250000000000014,91.75
13.749999999999986,105.75
3.249999999999986,30.0
2.749999999999986,-70.50000000000001
22.25,103.0
-18.0,-61.5
-5.25,147.0
2.499999999999986,112.0
62.0,110.5
69.0,29.50000000000003
49.25,116.5
13.499999999999986,35.25
35.75,136.25
36.249999999999986,-89.5
-15.0,13.0
-16.5,35.25
-18.75,-43.75
42.75,-72.25
10.25,-4.75
45.5,-88.25
50.5,42.5
51.0,121.75
40.75,23.25
34.25,76.0
-7.0,146.25
55.5,39.50000000000003
5.5,96.25
26.499999999999986,12.0
44.5,10.75
29.5,-106.5
43.75,55.5
20.250000000000014,-155.75
34.0,118.75
52.25,75.75
55.75,22.75
25.249999999999986,74.25000000000003
-17.5,141.0
40.75,119.0
5.75,153.25
13.999999999999986,18.75
-22.75,46.25
-5.75,112.75
23.25,34.75
14.249999999999986,47.0
-17.0,12.5
36.499999999999986,4.999999999999972
41.75,-96.25
68.0,70.25
-6.5,38.24999999999997
-3.250000000000014,102.75
56.75,-117.75
22.25,50.24999999999997
31.75,101.5
55.75,117.75
-35.99999999999999,-65.25000000000001
49.0,33.75
60.75,66.25
20.5,35.25
5.0,43.25
64.5,76.5
13.999999999999986,21.0
26.499999999999986,65.5
57.0,77.75
51.75,101.5
23.25,104.25
44.0,62.00000000000003
-24.25,-57.75
-5.5,31.75
-37.25000000000001,-72.75
46.25,-72.75
-32.50000000000001,26.0
34.0,-97.25
40.5,118.0
62.5,64.75
62.25,66.0
10.25,35.5
32.0,-91.5
48.25,-2.5
18.500000000000014,-77.25
46.75,65.0
22.25,92.0
39.5,-2.75
-6.25,-60.5
-5.75,32.0
30.750000000000014,55.25
40.25,111.25
39.25,-4.25
-3.75,127.0
41.75,42.75
49.25,-120.0
58.75,36.75
31.500000000000014,63.75
30.500000000000014,107.0
-8.500000000000014,-75.24999999999999
48.75,137.0
38.0,128.0
-4.25,-67.0
-6.25,-52.999999999999986
37.499999999999986,-115.5
32.0,45.25
43.5,20.75
-23.0,26.25
55.75,111.25
-23.25,21.5
11.0,-8.75
26.499999999999986,17.00000000000003
64.5,85.75
30.750000000000014,-97.25
35.999999999999986,113.75
52.5,102.75
14.249999999999986,20.25
-33.0,-61.5
23.75,73.25000000000003
7.750000000000014,12.25
60.5,14.5
35.25,116.5
55.75,-2.75
18.750000000000014,51.25000000000003
-24.25,-50.75
13.749999999999986,100.0
59.75,110.5
40.0,141.0
24.749999999999986,-98.25
36.249999999999986,38.74999999999997
-7.5,-39.5
-5.0,19.0
18.750000000000014,4.0
38.5,66.5
46.5,-79.75
56.75,64.75
39.75,-107.0
35.5,52.75
12.0,14.5
13.999999999999986,-2.5
60.5,113.75
36.749999999999986,-98.5
51.0,-1.0
52.75,67.0
-6.75,-62.5
63.5,132.5
35.0,5.499999999999972
52.0,77.5
-14.250000000000014,-46.5
24.25,73.25000000000003
48.0,28.75000000000003
29.0,120.75
5.75,-9.5
-29.249999999999993,-50.25
48.75,101.25
-15.25,-42.5
-23.5,-70.24999999999999
-20.000000000000014,32.25
16.5,33.75
17.0,7.75
36.249999999999986,38.99999999999997
2.999999999999986,-52.749999999999986
26.499999999999986,3.5
11.75,-4.25
34.25,-83.0
5.75,-9.0
-6.25,30.0
53.5,89.0
-7.25,157.5
25.749999999999986,15.499999999999972
-9.000000000000014,-72.5
34.0,-94.5
38.0,24.5
-19.750000000000014,29.50000000000003
46.75,-71.00000000000001
-8.750000000000014,120.5
30.250000000000014,36.75
28.0,72.74999999999997
43.25,94.5
22.75,106.75
42.0,66.5
63.75,87.25
45.5,-68.0
69.25,72.24999999999997
-34.99999999999999,147.5
-31.500000000000007,-63.75
36.749999999999986,-103.75
6.25,44.25
40.5,29.50000000000003
12.5,-6.25
-3.75,37.75
-26.250000000000007,25.75
36.499999999999986,52.5
-1.25,22.75
46.0,89.75
-40.99999999999999,-63.0
65.25,51.25000000000003
19.750000000000014,110.75
13.999999999999986,98.25
10.75,125.0
55.5,60.25
-24.25,-48.75
51.25,156.75
17.75,23.5
48.5,12.0
43.25,26.0
25.249999999999986,61.49999999999997
35.25,96.25
52.5,56.5
51.75,33.5
35.0,-112.75
2.249999999999986,-76.75
-17.0,-58.999999999999986
58.75,6.500000000000028
36.999999999999986,43.75
57.25,68.5
66.75,80.75
13.749999999999986,93.0
19.750000000000014,36.75
52.25,17.50000000000003
48.0,142.25
65.5,29.25000000000003
-7.749999999999986,-78.75
-34.0,-68.75
54.25,65.5
48.0,32.75
-12.5,20.5
-22.0,-68.0
35.0,45.0
62.5,76.25
63.75,115.0
22.5,12.75
36.999999999999986,35.0
65.0,117.25
21.75,105.75
67.75,21.25
-1.75,19.5
43.25,-75.0
63.5,29.25000000000003
21.25,101.5
36.749999999999986,98.5
-33.75,-67.0
25.499999999999986,80.25
45.25,-109.5
8.250000000000014,-66.0
45.5,-94.25
-18.0,-66.5
38.25,-102.5
24.999999999999986,99.25
62.5,74.00000000000003
34.5,47.5
-7.25,36.5
-3.75,121.0
48.5,82.75
48.25,-97.5
-5.25,141.75
-22.75,-69.99999999999999
57.75,87.75
32.75,106.25
41.0,-94.0
-13.0,-69.74999999999999
59.0,96.0
49.25,55.75
2.999999999999986,12.0
62.5,142.75
29.750000000000014,115.5
33.25,55.0
41.25,-73.0
36.999999999999986,117.5
26.75,90.75
52.5,109.25
22.75,53.5
-3.75,37.99999999999997
2.0,42.25
53.0,97.75
53.25,54.5
45.75,-1.0
39.5,110.75
35.75,-100.25
11.5,2.75
61.75,30.75
64.25,79.25
36.999999999999986,-89.0
9.75,105.5
50.25,-95.25
15.75,-85.75
46.25,-64.49999999999999
-15.25,-46.5
-16.5,45.0
44.0,112.0
48.0,-105.75
35.75,140.75
47.5,68.5
12.5,78.0
-6.5,17.50000000000003
12.25,-12.0
-6.25,24.75
36.749999999999986,59.5
52.75,46.25
5.0,-1.75
39.5,71.25
12.5,1.25
45.75,122.5
59.25,94.25
-43.00000000000001,-66.75
52.75,41.5
-39.5,175.0
-34.75,-65.00000000000001
-2.499999999999986,31.5
13.999999999999986,77.5
22.25,99.5
-12.25,-63.75
44.5,87.5
31.500000000000014,106.25
18.0,-76.25000000000001
35.75,136.0
34.5,119.0
41.5,-95.75
23.5,44.0
-9.75,-40.25
49.75,-57.0
-23.5,-64.75000000000001
10.5,12.5
-6.25,-80.0
24.25,13.5
-0.75,27.49999999999997
66.75,60.99999999999997
-5.5,16.49999999999997
63.5,24.25
-15.75,17.25000000000003
-42.50000000000001,-72.5
44.25,134.75
49.25,21.75
1.25,99.25
46.75,71.99999999999997
-12.0,33.75
57.0,60.0
55.0,53.0
-35.49999999999999,-71.00000000000001
12.25,19.25
-9.25,-44.75
42.0,12.0
12.0,42.25
20.5,1.75
19.750000000000014,84.5
11.25,29.00000000000003
22.5,99.0
34.25,38.49999999999997
45.25,-71.5
0.75,22.25
48.25,-77.75
10.25,49.74999999999997
48.0,118.75
17.5,28.25000000000003
3.749999999999986,-60.75
48.75,24.75
61.5,69.0
54.5,10.5
19.500000000000014,121.5
-9.5,37.0
63.0,33.25
5.5,18.25000000000003
40.75,-85.25
30.750000000000014,106.25
-22.25,34.75
41.5,58.25
31.500000000000014,-3.5
67.25,62.25000000000003
59.25,127.75
46.5,133.75
65.0,58.0
17.0,107.25
34.5,59.25
24.999999999999986,-14.25
51.5,27.74999999999997
44.0,41.25
13.499999999999986,76.0
-31.250000000000007,27.74999999999997
62.5,67.5
-15.75,37.0
22.25,51.25000000000003
23.5,14.75
29.0,22.25
60.5,56.75
58.25,59.5
20.000000000000014,101.25
40.75,-100.5
-20.250000000000014,-44.0
35.999999999999986,48.5
53.75,108.5
7.750000000000014,11.0
44.25,98.0
27.0,15.999999999999972
9.5,-12.5
-17.25,22.5
-2.249999999999986,113.0
12.0,37.0
11.5,0.25
-26.000000000000007,30.5
44.0,26.5
72.0,69.5
45.5,-69.99999999999999
48.75,-69.5
13.749999999999986,102.5
16.75,101.5
20.75,101.75
66.75,62.75000000000003
6.25,171.75
42.0,-91.5
13.25,7.75
24.25,44.0
40.75,53.75
54.25,28.50000000000003
57.75,46.5
-7.25,-46.75
-20.5,-53.249999999999986
14.999999999999986,30.0
57.0,85.25
36.249999999999986,-107.0
6.0,-71.25
-0.75,42.0
55.75,91.5
79.25,15.749999999999972
8.000000000000014,-3.25
39.75,48.25
46.5,-122.75
67.5,75.75
25.749999999999986,15.749999999999972
-9.75,32.75
-29.249999999999993,-70.75000000000001
23.5,116.75
28.0,88.25
58.75,52.5
24.999999999999986,45.25
38.0,70.0
19.250000000000014,25.25
37.249999999999986,-78.5
47.5,58.5
57.75,69.25
42.75,59.0
57.5,30.0
51.5,124.5
-38.75,-60.5
33.0,-92.75
26.499999999999986,42.75
-13.25,49.24999999999997
-46.49999999999999,168.75
21.75,81.5
-4.75,-44.75
41.75,-90.0
43.25,-110.25
36.249999999999986,-77.0
12.5,99.75
11.25,14.75
42.75,72.49999999999997
54.5,107.5
16.75,10.75
54.75,29.50000000000003
22.0,-79.0
10.0,-1.75
9.25,4.749999999999972
2.999999999999986,103.5
-13.25,-41.5
29.0,7.5
6.0,32.5
18.0,-95.25
50.75,39.24999999999997
65.25,42.75
44.75,27.74999999999997
33.25,102.25
18.25,-4.25
-9.75,-68.75
50.25,116.25
55.0,36.0
-30.749999999999993,26.5
56.5,31.25
30.750000000000014,104.5
21.5,94.0
25.749999999999986,78.25
58.75,104.0
61.75,46.25
56.75,48.25
21.5,95.0
25.499999999999986,86.5
48.0,136.75
16.25,29.50000000000003
-5.75,-41.75
63.5,109.75
29.25,74.50000000000003
10.5,21.75
46.75,39.24999999999997
43.25,64.75
18.500000000000014,-100.75
-17.0,-60.25
-4.25,142.0
21.75,100.75
6.0,31.25
39.25,141.5
16.0,95.25
31.500000000000014,42.25
50.5,14.25
9.25,77.75
24.25,39.24999999999997
39.5,-91.5
-19.249999999999986,-139.5
66.0,69.5
42.75,105.75
61.75,40.00000000000003
1.0,15.749999999999972
9.000000000000014,-80.0
41.5,22.25
12.0,7.75
36.749999999999986,2.5
2.499999999999986,22.5
32.25,-102.25
35.5,-5.75
-23.5,-52.25
46.75,-91.25
55.5,62.75000000000003
21.5,34.75
-32.50000000000001,-63.999999999999986
38.0,-113.75
61.25,54.25
41.0,63.25000000000003
28.5,-96.5
52.5,141.0
13.999999999999986,-4.75
-50.0,-69.5
32.5,11.75
39.75,-122.0
36.499999999999986,73.25000000000003
56.0,83.75
-14.750000000000014,30.0
35.25,-109.5
37.499999999999986,104.0
13.999999999999986,106.0
33.25,52.00000000000003
15.249999999999986,105.5
61.25,27.24999999999997
-4.75,149.0
-24.749999999999986,-60.0
14.999999999999986,-13.0
-28.25,32.25
53.0,-103.0
30.750000000000014,58.0
19.750000000000014,4.999999999999972
21.75,28.25000000000003
36.499999999999986,116.25
41.0,-4.25
55.0,89.5
36.999999999999986,-96.0
52.25,0.25
5.5,27.49999999999997
49.5,136.75
61.5,6.000000000000028
24.749999999999986,95.75
20.5,53.5
-13.0,36.75
22.25,55.5
40.5,9.0
-3.500000000000014,28.75000000000003
25.749999999999986,14.75
59.5,125.0
23.25,-105.75
-18.5,23.5
36.749999999999986,30.25
44.0,60.74999999999997
53.75,119.75
53.0,-101.5
34.0,61.49999999999997
20.5,86.25
59.25,56.25
-24.5,-52.999999999999986
2.749999999999986,98.75
21.25,2.0
-6.75,38.24999999999997
59.25,38.24999999999997
30.750000000000014,32.75
17.0,19.25
-6.75,112.5
-1.25,29.75
45.25,42.25
-24.749999999999986,22.25
55.25,107.0
-13.499999999999986,37.5
-33.0,-70.24999999999999
51.5,137.0
7.0,45.75
63.5,30.5
35.999999999999986,-97.5
27.75,21.75
22.0,107.25
-23.75,-55.25
12.5,42.5
30.500000000000014,70.0
-4.25,115.75
-27.25,17.00000000000003
65.75,30.5
-36.75000000000001,-62.5
58.75,116.5
-5.0,-40.25
45.0,11.5
54.5,63.75
33.5,105.25
15.5,-16.25
38.0,126.5
62.0,41.25
20.000000000000014,15.25
-17.5,133.5
37.749999999999986,64.75
49.0,106.25
33.25,74.75
62.75,80.0
-5.75,23.0
-6.5,29.00000000000003
21.25,81.75
40.0,44.5
-3.250000000000014,-61.0
24.5,84.75
-6.5,-35.0
16.75,-99.25
-1.5,-78.25
20.000000000000014,-105.25
35.5,110.5
-29.249999999999993,-57.5
25.749999999999986,67.5
19.500000000000014,46.5
48.75,103.0
17.5,45.0
22.75,31.25
51.0,131.75
61.5,54.0
19.500000000000014,8.25
1.5,103.75
27.25,71.99999999999997
48.25,8.0
13.0,-85.0
59.25,35.0
33.25,43.5
52.25,32.25
51.0,114.5
49.75,28.50000000000003
37.499999999999986,69.5
62.5,130.0
36.749999999999986,103.25
28.25,107.0
30.250000000000014,-0.25
37.749999999999986,42.25
-8.249999999999986,-51.0
53.5,42.5
28.5,-110.0
61.25,54.5
60.25,33.0
22.5,4.999999999999972
23.25,-98.75
-13.999999999999986,20.25
24.25,108.25
-29.749999999999993,-55.75
62.75,121.5
57.5,89.25
63.25,123.25
50.75,-112.0
25.749999999999986,74.00000000000003
15.5,75.25
63.0,60.74999999999997
-26.000000000000007,32.5
-8.500000000000014,113.25
44.0,72.74999999999997
59.5,-2.5
51.75,-102.5
55.0,94.5
55.25,61.49999999999997
27.5,-105.75
47.25,127.25
39.5,-119.25
-40.49999999999999,-71.00000000000001
11.0,10.0
-26.750000000000007,150.75
53.75,77.0
37.749999999999986,-3.5
24.5,86.75
59.75,101.25
70.0,67.0
12.75,103.75
15.75,-6.0
35.75,110.25
29.750000000000014,-97.0
35.25,-82.00000000000001
65.5,54.75
41.25,43.25
51.5,134.0
57.5,107.25
-29.0,-69.5
20.000000000000014,7.5
6.25,117.5
42.75,77.75
36.999999999999986,45.5
47.75,89.5
57.5,43.5
51.25,47.75
-3.000000000000014,-56.5
11.75,0.25
25.249999999999986,84.0
31.000000000000014,114.0
-21.25,-64.49999999999999
60.0,-151.75
45.0,23.75
40.25,57.25
-1.25,-77.5
-43.00000000000001,-72.0
47.5,74.25000000000003
-13.499999999999986,-49.0
-7.0,112.75
48.5,99.0
36.499999999999986,-77.0
35.75,46.0
-34.99999999999999,138.5
51.25,129.0
-3.000000000000014,135.75
41.25,-82.00000000000001
6.0,124.75
35.0,61.24999999999997
22.0,-99.25
-7.25,117.5
-3.75,-70.24999999999999
-12.25,-46.75
61.5,55.25
10.25,37.0
54.0,120.75
35.25,3.5
24.999999999999986,20.5
36.249999999999986,-6.25
27.5,39.75000000000003
-48.00000000000001,-67.25
54.25,55.5
12.0,-1.0
36.749999999999986,5.249999999999972
54.5,98.5
52.5,-10.25
-27.000000000000007,-61.75
-14.250000000000014,16.24999999999997
-18.25,123.5
-41.99999999999999,-67.0
49.5,112.75
39.75,-83.0
12.75,6.750000000000028
30.250000000000014,22.25
35.0,-97.5
39.75,118.5
20.5,-99.75
22.5,109.0
52.5,113.0
31.000000000000014,-113.0
24.5,8.75
23.0,96.0
49.25,12.75
4.5,25.0
65.25,14.5
39.75,-112.0
-0.75,122.75
23.5,13.5
46.25,58.25
10.0,124.25
23.25,79.75
-2.749999999999986,100.0
5.5,115.0
19.000000000000014,48.5
30.000000000000014,70.0
54.5,106.25
46.25,65.5
35.0,2.0
20.000000000000014,4.249999999999972
28.0,56.5
44.5,22.75
69.25,79.5
29.25,-98.75
44.75,84.75
5.5,37.5
65.5,51.25000000000003
21.5,48.5
-24.999999999999986,-64.75000000000001
51.5,17.75000000000003
31.250000000000014,120.75
58.0,25.25
17.5,46.25
24.749999999999986,-103.75
35.999999999999986,97.25
27.5,116.75
-16.75,-44.75
50.25,118.25
65.75,66.0
-11.5,-52.25
22.25,70.0
-16.0,-152.0
20.250000000000014,17.50000000000003
-4.5,-77.25
34.25,64.0
3.499999999999986,46.5
-19.499999999999986,-52.999999999999986
22.75,58.75
51.25,123.25
45.75,25.25
50.0,44.5
47.0,-79.0
43.25,-75.74999999999999
24.5,103.5
21.25,81.5
34.5,63.5
18.500000000000014,45.0
59.25,125.5
58.5,69.0
51.75,71.0
27.75,108.75
49.0,4.249999999999972
44.75,-91.0
36.499999999999986,56.75
-4.5,144.25
67.25,70.0
14.999999999999986,12.75
12.75,-7.75
-3.000000000000014,103.75
-23.0,35.0
66.0,20.0
53.0,90.5
-15.25,-43.0
32.0,4.749999999999972
23.5,68.25
13.499999999999986,14.5
11.5,-86.25
-23.0,-69.5
-48.75000000000001,-68.0
7.250000000000014,122.0
44.5,-84.75
-14.250000000000014,22.75
62.5,11.5
48.0,16.24999999999997
-16.75,44.75
46.5,19.5
48.75,110.75
54.0,37.0
-11.0,20.75
29.0,13.0
12.25,124.25
47.5,5.750000000000028
2.249999999999986,24.75
2.0,35.75
43.0,122.75
35.75,105.75
49.25,-58.0
-34.5,-63.999999999999986
15.5,76.5
-23.5,-60.0
43.5,25.0
-1.0,110.25
1.25,128.0
10.25,20.5
-31.500000000000007,-68.25
36.999999999999986,64.25
54.5,-9.75
12.5,19.75
6.0,-54.5
22.5,86.5
49.5,47.0
28.75,71.99999999999997
43.0,99.25
34.5,118.0
15.5,36.75
3.999999999999986,-64.49999999999999
48.0,65.75
35.999999999999986,-102.5
45.75,45.25
50.0,44.0
-1.25,26.5
-18.75,-40.5
38.75,64.75
3.249999999999986,34.25
-16.75,23.75
-9.000000000000014,147.5
51.0,43.0
-28.75,22.0
38.25,69.0
41.0,60.74999999999997
61.25,70.75
30.000000000000014,-107.0
56.5,71.99999999999997
47.0,59.0
42.5,-88.5
-4.25,-42.25
-13.749999999999986,-70.24999999999999
43.5,-79.75
-11.0,-48.25
-10.75,-45.0
1.25,15.749999999999972
53.5,101.25
10.5,123.0
-25.750000000000014,31.5
11.25,29.50000000000003
41.5,35.25
29.0,40.75000000000003
15.5,98.75
28.25,59.25
55.5,42.0
43.0,89.5
-3.500000000000014,-48.75
-11.5,-66.75
54.0,-8.0
-27.75,16.49999999999997
41.75,74.00000000000003
13.499999999999986,-15.5
3.249999999999986,115.0
-4.5,152.5
-26.000000000000007,23.25
43.0,142.5
-11.0,-59.250000000000014
54.5,43.0
8.750000000000014,-6.75
4.5,12.75
11.75,7.5
46.75,39.24999999999997
-13.25,17.50000000000003
52.0,108.25
62.25,134.5
7.500000000000014,34.5
30.750000000000014,-106.75
-9.5,22.25
37.749999999999986,72.24999999999997
52.0,80.75
-7.749999999999986,112.25
24.999999999999986,47.0
50.5,-110.0
7.0,-73.75
28.25,82.0
19.500000000000014,6.250000000000028
32.0,120.5
-6.75,115.5
-7.0,-45.75
8.250000000000014,-68.0
56.75,44.75
-8.249999999999986,-77.5
12.5,-9.5
9.75,77.5
39.25,31.5
-14.250000000000014,-48.5
6.5,4.0
56.25,101.0
35.999999999999986,115.0
-15.25,16.49999999999997
62.75,28.25000000000003
-30.249999999999993,-60.25
11.5,-72.5
17.0,107.25
45.75,119.0
47.0,69.5
-24.999999999999986,27.24999999999997
43.75,-101.0
-0.25,12.5
36.999999999999986,44.5
54.0,84.25
68.0,65.75
25.499999999999986,82.75
-34.25,-61.5
38.75,-5.25
39.75,76.75
40.75,125.25
27.5,81.75
33.25,-99.25
-14.250000000000014,29.50000000000003
28.75,116.75
28.5,76.0
54.0,47.25
-36.75000000000001,143.25
47.0,127.25
60.0,35.0
13.499999999999986,19.5
20.5,72.99999999999997
35.25,-94.5
34.75,-4.75
-1.5,12.0
50.25,92.25
-5.75,13.25
14.999999999999986,-13.75
35.0,-3.5
32.0,-87.50000000000001
46.5,41.25
2.999999999999986,-69.5
28.0,12.25
42.25,0.75
20.5,110.25
-46.74999999999999,-68.25
33.75,9.5
-20.75,48.0
40.5,-83.0
62.0,48.25
49.75,112.75
35.0,-84.75
48.75,65.75
75.25,111.25
-19.750000000000014,26.99999999999997
-8.750000000000014,31.0
4.5,26.0
52.0,61.24999999999997
55.5,59.25
60.75,84.0
6.75,38.24999999999997
-22.25,32.5
34.25,114.5
55.5,-78.0
28.0,-81.24999999999999
40.25,-7.25
38.25,-97.5
18.0,99.75
7.250000000000014,-6.0
56.25,12.75
64.0,18.5
-45.25,-69.25
48.0,87.25
62.0,5.249999999999972
50.5,11.75
63.75,71.74999999999997
36.999999999999986,-93.25
-3.500000000000014,-48.5
40.75,-88.5
33.0,-89.5
12.0,4.499999999999972
28.25,-113.75
-11.5,-65.75
-12.25,-66.75
68.25,76.25
-0.5,101.75
32.0,113.5
-40.0,-73.0
30.250000000000014,-2.75
-38.5,143.5
2.749999999999986,25.5
47.0,61.74999999999997
25.999999999999986,74.75
-42.50000000000001,147.5
-10.75,18.00000000000003
57.5,60.25
8.750000000000014,49.24999999999997
40.5,17.75000000000003
69.0,34.0
36.249999999999986,50.24999999999997
47.75,-3.0
-5.5,37.25
41.0,-99.25
-6.75,-47.75
73.0,102.0
43.25,66.75
47.5,96.0
48.0,129.5
60.5,-45.75
50.75,59.75
24.5,123.75
44.25,-70.50000000000001
35.25,105.0
38.25,77.5
-13.749999999999986,-51.0
-18.0,32.75
29.5,-97.25
41.5,-101.0
56.75,103.75
-28.0,24.25
61.5,81.0
44.0,127.25
43.75,-116.5
42.25,-79.5
52.25,70.75
-1.25,17.00000000000003
55.25,28.50000000000003
16.5,12.5
55.25,85.25
60.25,-1.5
-18.75,22.25
50.5,22.25
-5.75,146.25
25.499999999999986,98.5
59.5,37.25
-28.5,28.75000000000003
47.0,-68.75
-11.25,-77.0
52.0,106.25
-10.25,-48.0
67.25,15.999999999999972
28.25,110.25
0.75,115.25
-23.5,-49.5
-18.75,-42.5
-5.75,-74.75
-15.5,19.0
50.0,70.25
44.75,11.25
44.5,67.75
38.25,94.25
36.999999999999986,54.5
25.499999999999986,95.25
52.5,42.0
10.25,3.25
52.0,50.75000000000003
43.0,-71.5
28.75,16.74999999999997
-2.749999999999986,110.5
4.75,-70.24999999999999
15.5,51.75000000000003
52.75,23.5
25.249999999999986,89.0
58.5,54.5
38.25,111.25
35.5,67.25
63.5,9.25
45.5,84.0
-28.5,152.5
-28.0,148.25
40.0,-3.25
63.25,53.0
51.25,50.24999999999997
36.999999999999986,-76.00000000000001
-26.500000000000007,26.99999999999997
53.75,20.0
1.5,42.5
56.5,58.25
-36.24999999999999,-61.75
37.749999999999986,-91.5
-0.25,-66.25
40.75,45.25
17.25,22.0
50.5,105.0
53.5,71.74999999999997
-24.25,-68.75
-20.250000000000014,27.99999999999997
-15.5,-62.0
17.5,32.5
-4.25,-74.75
60.5,41.75
41.25,15.749999999999972
42.75,-80.5
16.5,46.0
39.75,16.24999999999997
53.25,23.5
20.250000000000014,-74.5
-5.0,-40.25
37.749999999999986,-4.25
54.5,67.5
50.25,135.5
47.75,120.5
43.75,53.5
15.75,35.0
20.000000000000014,102.75
9.75,12.75
39.25,-6.75
-6.25,-37.25
49.75,106.25
31.250000000000014,3.25
-3.250000000000014,40.00000000000003
51.25,95.0
56.5,107.75
-15.0,-147.5
40.75,62.00000000000003
11.0,-8.5
65.25,20.75
10.5,77.25
42.75,121.25
62.0,119.25
19.000000000000014,33.0
47.5,79.75
37.499999999999986,73.75000000000003
59.25,54.75
53.5,124.75
43.75,-124.0
58.25,54.5
-18.999999999999986,22.25
69.25,24.0
30.250000000000014,24.75
55.25,60.0
43.25,60.99999999999997
-21.75,29.50000000000003
52.5,125.5
-31.500000000000007,-60.25
49.5,4.0
4.5,-63.999999999999986
25.249999999999986,73.50000000000003
-15.0,-42.25
24.5,44.75
26.249999999999986,21.25
50.25,81.5
52.0,-9.75
-20.000000000000014,44.25
41.75,19.5
38.5,-80.75
2.0,27.99999999999997
41.0,39.24999999999997
-27.75,-62.0
5.0,-2.75
20.250000000000014,42.5
-14.500000000000014,-51.0
62.5,30.75
46.5,62.50000000000003
31.500000000000014,-87.25000000000001
48.25,16.74999999999997
4.25,18.75
-20.5,45.75
34.75,100.0
40.75,24.5
-30.249999999999993,-54.5
33.0,8.25
30.000000000000014,107.0
40.0,-96.5
-18.75,27.24999999999997
23.0,14.25
1.75,114.75
-4.5,141.75
40.75,0.75
34.0,112.5
-9.5,-55.0
39.25,43.0
-2.499999999999986,36.5
-24.749999999999986,26.99999999999997
17.75,45.5
4.5,-61.5
-3.75,21.5
-9.000000000000014,-47.5
36.749999999999986,-109.75
62.5,134.75
36.249999999999986,-116.0
12.25,15.749999999999972
32.75,118.5
3.499999999999986,8.25
39.75,68.0
16.5,5.499999999999972
50.75,30.0
3.499999999999986,26.0
25.249999999999986,8.25
49.75,105.25
44.25,20.5
3.499999999999986,-70.75000000000001
30.250000000000014,-110.0
49.0,92.25
-31.750000000000007,148.75
7.750000000000014,29.25000000000003
-29.0,-52.0
34.5,103.0
31.000000000000014,114.25
-17.0,-59.500000000000014
27.0,-4.0
8.500000000000014,-13.5
46.75,32.5
33.0,114.5
55.25,68.5
49.5,11.75
72.25,69.5
63.75,85.5
-34.75,-65.00000000000001
47.25,-109.5
13.499999999999986,26.5
-8.249999999999986,-62.75
24.749999999999986,-98.5
53.0,63.75
6.25,33.5
20.000000000000014,52.75
5.75,-63.25
0.5,-77.25
-34.0,145.75
22.5,-81.49999999999999
40.75,-8.0
14.999999999999986,-89.25
60.5,14.25
-16.75,45.25
55.5,12.0
41.75,19.75
-5.25,-74.75
20.250000000000014,34.75
